id_value,train_count,val_count,test_count,total_count,in_train,in_val,in_test,field
ce51a7ed-c061-cd0f-3ccd-ac475ed9d389,32,9,10,51,True,True,True,author_id
e5d8d2b5-334f-e1a3-3d57-524081e00209,26,2,4,32,True,True,True,author_id
6ab3a285-ce72-5f7e-690b-88687af1d83d,26,3,5,34,True,True,True,author_id
90149a62-488b-8acc-b949-7b7c28df43fb,24,1,2,27,True,True,True,author_id
317c87f6-22b6-4ddc-732b-998fd52d72d8,20,3,6,29,True,True,True,author_id
1d7b682d-17b0-4351-a44c-15830d7b7ff6,19,5,3,27,True,True,True,author_id
48eef3b9-6d1f-bb04-5f49-9f747e39e093,19,2,4,25,True,True,True,author_id
820fed04-7128-867b-8347-1a85381eb124,18,2,2,22,True,True,True,author_id
8187891e-6ae1-4994-9bff-db7823eee774,18,2,4,24,True,True,True,author_id
93d47f8d-1e54-677d-e6be-bba023efeee1,18,2,3,23,True,True,True,author_id
f98bde36-4271-5d01-813e-c71891bfc5a1,16,3,5,24,True,True,True,author_id
976789eb-b086-c760-761f-237ba0dab7c0,16,1,1,18,True,True,True,author_id
b2332ea9-a0b8-40ab-fbcd-4d5f53f18253,15,4,1,20,True,True,True,author_id
aac87958-fee0-6b58-8b18-e68566377c82,15,0,5,20,True,False,True,author_id
2ce503f0-b65e-6724-d9af-abef700b6c96,14,4,1,19,True,True,True,author_id
90058d41-98de-4667-54eb-dd461d229941,14,4,1,19,True,True,True,author_id
609b7860-9078-208f-79d5-bfbda657c7de,13,4,5,22,True,True,True,author_id
430d109d-f5c7-fa5a-91de-5a8a346f6607,13,4,2,19,True,True,True,author_id
2dda6320-f37d-6431-2cd1-f10e90b72a1a,13,3,3,19,True,True,True,author_id
d778385a-df57-a259-77f9-9a9d9a742173,13,3,5,21,True,True,True,author_id
c442139c-ea68-522a-32cd-376aab6ee4c8,13,3,3,19,True,True,True,author_id
ae1e90f6-7023-0c27-48dd-880ce053f11e,12,3,1,16,True,True,True,author_id
b2e7d06c-4ee7-1cf3-cad1-89b8b4607a7e,12,3,3,18,True,True,True,author_id
c0d5c7fa-2419-239c-e453-e7b95f96b4ae,11,2,2,15,True,True,True,author_id
3ae252d6-b5b3-daac-de24-a8c7a0fe74ec,11,1,3,15,True,True,True,author_id
27bf3b7b-7003-d7ae-4336-9a988eb279ff,11,6,7,24,True,True,True,author_id
b5789074-b8a5-7455-960e-20c5239efd00,11,0,1,12,True,False,True,author_id
1aef3fb4-2ff9-2d91-d9bc-f3b8f22add11,10,2,6,18,True,True,True,author_id
98e3a78a-c603-db90-31bd-150249b76763,10,2,2,14,True,True,True,author_id
9c21da20-9a1c-b4b4-24ff-ee1a8b82881e,10,2,2,14,True,True,True,author_id
3b7767f7-eef7-b9f4-63f0-70376a03ce78,9,4,1,14,True,True,True,author_id
a83aad85-d0ec-9322-5a7f-fcaa8f0c7f33,9,2,3,14,True,True,True,author_id
6cbd0d8a-0394-4cb4-8d75-9bb1174ffbcc,9,2,2,13,True,True,True,author_id
4403bca0-b308-31d0-fc24-660654f06f9a,9,3,1,13,True,True,True,author_id
f456e546-a9dd-8f2e-985e-ac2a70cd8628,9,0,2,11,True,False,True,author_id
77602af7-7dbb-6179-9a78-93ea2ad9b30e,8,1,1,10,True,True,True,author_id
237d36e3-a8c1-f71f-377b-c207256fb8c0,8,2,1,11,True,True,True,author_id
6e0b59f2-7cdd-93cb-48dc-e9b15781b131,8,4,1,13,True,True,True,author_id
b5c1540c-26da-737b-ac3e-ba2c5fe6014b,7,0,1,8,True,False,True,author_id
f165a5fd-6ec7-4f27-81ff-3447ecb8fd58,7,1,0,8,True,True,False,author_id
ddfae13e-ea57-78cb-7353-950d9d5d860b,7,0,2,9,True,False,True,author_id
422d27a9-4aa7-c51f-2ff0-e2d4d2ea5ff8,6,3,0,9,True,True,False,author_id
358894106853232,6,0,3,9,True,False,True,author_id
9adeee7e-e87e-aedc-52ed-028b2addfc33,6,0,0,6,True,False,False,author_id
3ae04aa4-c781-5a79-5e54-32f907627d59,6,1,2,9,True,True,True,author_id
4cd7cccc-700b-d4d7-520c-40061bb33336,5,0,1,6,True,False,True,author_id
f217151b-1822-066e-88cd-0c9f92d986d4,5,1,0,6,True,True,False,author_id
2657967125823820,5,0,0,5,True,False,False,author_id
ef719e1b-2c72-7e71-cd8a-2667eb6604e3,5,2,1,8,True,True,True,author_id
ee8d9764-cb0c-6c39-55e6-177ca3b8b645,5,4,3,12,True,True,True,author_id
ea2238ad-678f-6ac0-c331-49b4a607c28f,5,1,1,7,True,True,True,author_id
0153b274-b17a-1cca-0b58-68bd29bc27f8,5,0,0,5,True,False,False,author_id
9fe694af-4d1f-a92a-7e29-df4ec70521b4,5,0,0,5,True,False,False,author_id
1abcb671-90de-88bc-41bf-06ccbadbada2,4,0,0,4,True,False,False,author_id
7542343451725448249,4,1,0,5,True,True,False,author_id
7488269273815761980,4,0,0,4,True,False,False,author_id
4453497454202109,4,0,0,4,True,False,False,author_id
d84764a6-9b56-52c6-649e-1eecc4e2ea46,4,0,1,5,True,False,True,author_id
2ca1f3c7-3ae7-6e72-39b6-cfb12ad722ef,4,4,4,12,True,True,True,author_id
d1a69e41-12a8-fcf4-1504-e06cf2d3acfe,4,1,0,5,True,True,False,author_id
ec114b81-4dd7-88b2-67c9-9c48c3ec202f,4,2,0,6,True,True,False,author_id
15cea7e2-ba33-b7f2-01d1-15552e49ca13,4,0,0,4,True,False,False,author_id
436db47e-bc99-8209-f718-4c4d2907b31e,4,0,1,5,True,False,True,author_id
100061957495,4,0,1,5,True,False,True,author_id
699731334413051,4,0,0,4,True,False,False,author_id
35be9ccb-3324-87bc-39b0-652255819068,4,0,0,4,True,False,False,author_id
8b751229-4184-7cdc-280d-767adbb1e5bf,4,1,0,5,True,True,False,author_id
188708457559943,4,0,0,4,True,False,False,author_id
self,4,0,0,4,True,False,False,author_id
3536487459069031,4,0,0,4,True,False,False,author_id
2aec08b1-2f2a-12c5-e770-711437c6275e,4,1,0,5,True,True,False,author_id
7559850732032394300,4,0,0,4,True,False,False,author_id
14f062a3-04fb-ba59-44a7-5b2278c22ef6,4,0,0,4,True,False,False,author_id
973e3e24-b057-d9f3-8faf-81ef9d2da4f2,4,0,0,4,True,False,False,author_id
70367542514,3,1,0,4,True,True,False,author_id
87255817409,3,0,1,4,True,False,True,author_id
3c1388a3-154c-1b09-cf75-660c959e71a0,3,1,1,5,True,True,True,author_id
2518346399230276,3,2,0,5,True,True,False,author_id
6ba8005b-6535-513d-67b8-2f712b813721,3,0,0,3,True,False,False,author_id
1cba2e2b-cb2a-01af-e2c1-bc05b712885c,3,0,1,4,True,False,True,author_id
54345816353412,3,0,0,3,True,False,False,author_id
9ef91878-461d-468f-4929-f9fdfdc61532,3,0,0,3,True,False,False,author_id
a297ac83-ff04-df50-6a1e-6621c9db9e01,3,1,0,4,True,True,False,author_id
3714b16f-1f0e-d142-e00b-06f371d9e3d7,3,1,0,4,True,True,False,author_id
63334565714,3,0,0,3,True,False,False,author_id
683ca7b5-fc6a-4306-a592-482e59c10708,3,1,0,4,True,True,False,author_id
8dc75dc6-8da6-49ae-0ac0-4c960575ee89,3,0,0,3,True,False,False,author_id
419b8ec6-2f00-8fd3-dfa6-4fc5e009650a,3,1,0,4,True,True,False,author_id
ba919f5b-2f42-77cb-d5a4-13f1b34d5897,3,0,0,3,True,False,False,author_id
63038290966,3,1,0,4,True,True,False,author_id
ba5bf033-5f7c-ad1d-cf08-9502d1dca274,3,0,1,4,True,False,True,author_id
2258810838459188,3,0,0,3,True,False,False,author_id
c7c37951-d109-df5c-765e-0f842234b001,3,0,2,5,True,False,True,author_id
990d98e6-b5e1-bd74-0d2c-af707050a80c,3,0,0,3,True,False,False,author_id
f1d5032f-3d91-2f62-f533-0e967c5edf36,3,2,0,5,True,True,False,author_id
4153322460956442,3,0,0,3,True,False,False,author_id
1157111048055262,3,0,0,3,True,False,False,author_id
2950728836192827,3,0,0,3,True,False,False,author_id
af302a7d-235b-8d80-fa8c-f0bb6b2d9f64,3,0,0,3,True,False,False,author_id
572174943393944,3,0,0,3,True,False,False,author_id
bf395850-2b8c-ab36-37e2-2fb029baba3b,3,1,0,4,True,True,False,author_id
61714625693,3,1,0,4,True,True,False,author_id
6ea9313f-d71a-a87b-52ce-df5854b67703,3,0,0,3,True,False,False,author_id
3912530210338105,3,2,0,5,True,True,False,author_id
9420b03a-9572-20d1-c204-b950b1a25d32,3,2,0,5,True,True,False,author_id
4079620600112506,3,0,0,3,True,False,False,author_id
6a91a80b-8913-cff1-92b8-292c6e92869f,3,1,0,4,True,True,False,author_id
894d76cd-57da-4afd-4cee-f9d4f443c330,3,1,0,4,True,True,False,author_id
f942fe78-c0ff-7c0a-d53a-200c6b07e462,3,0,2,5,True,False,True,author_id
8863ad2c-3fbb-18a0-8b90-e13e0759f326,3,2,2,7,True,True,True,author_id
2289662479049495,3,0,0,3,True,False,False,author_id
68092762727,3,1,0,4,True,True,False,author_id
bac0d6b8-de03-0f1d-1620-b70e8479e38e,3,0,0,3,True,False,False,author_id
6fffd821-9925-e7d4-7fcf-5d07fb054a29,3,0,0,3,True,False,False,author_id
c9ea6db8-8046-fe68-4268-a8d74e5e6579,3,0,0,3,True,False,False,author_id
cf18783f-aa85-c87a-1cb1-435981798017,3,2,0,5,True,True,False,author_id
cb86542f-9010-ebc5-e015-e16b069fade5,3,0,0,3,True,False,False,author_id
d1a6fa5e-23ce-2298-2a16-3bf29cc72421,3,0,0,3,True,False,False,author_id
2911949564683140,3,0,0,3,True,False,False,author_id
2120290872076504,3,0,1,4,True,False,True,author_id
c35671e2-7562-72f2-9e02-b4fca0d430bb,3,0,0,3,True,False,False,author_id
62e93bbc-003b-0e3e-3c7d-1ae411f1e554,3,0,0,3,True,False,False,author_id
103397729578,3,2,0,5,True,True,False,author_id
59618628613,3,0,0,3,True,False,False,author_id
92958352630,3,0,0,3,True,False,False,author_id
b97d568d-49ad-a3c8-5d38-07cc40d78584,3,2,0,5,True,True,False,author_id
1109830411237643,2,0,0,2,True,False,False,author_id
feda50fd-ecdb-0b38-428e-3fed3e4c2f3d,2,1,0,3,True,True,False,author_id
7803730a-25b2-9571-b5ff-16370d66c69e,2,0,0,2,True,False,False,author_id
1426495444369156,2,0,0,2,True,False,False,author_id
85634667995,2,0,0,2,True,False,False,author_id
7582872870130353211,2,0,0,2,True,False,False,author_id
1109880662935611,2,0,0,2,True,False,False,author_id
2605193420358716,2,0,0,2,True,False,False,author_id
2c0b3ded-6419-7602-13e4-02db5b5f618e,2,0,0,2,True,False,False,author_id
97739754904,2,0,0,2,True,False,False,author_id
94074233000,2,0,0,2,True,False,False,author_id
3d02f944-7525-562b-4020-f77b2b60fe51,2,2,0,4,True,True,False,author_id
6eebf4b8-22a3-9669-ad93-07350087b736,2,1,1,4,True,True,True,author_id
18620e12-2187-b4f6-22a2-29a15fda2128,2,0,0,2,True,False,False,author_id
55a38894-8add-0704-30e2-826ebefb916c,2,0,0,2,True,False,False,author_id
62586566-3bc3-194a-6509-16a2b75fd5c3,2,1,0,3,True,True,False,author_id
79625724863,2,0,0,2,True,False,False,author_id
96011117310,2,0,0,2,True,False,False,author_id
2608478173538542,2,0,1,3,True,False,True,author_id
3556290411900973,2,0,0,2,True,False,False,author_id
3991688022625388,2,0,0,2,True,False,False,author_id
694520620526701,2,0,0,2,True,False,False,author_id
9c6fa1e1-891e-1af1-c64e-ab74b27079cf,2,0,0,2,True,False,False,author_id
138a55fa-d8e2-a034-d66b-378e44717e52,2,0,0,2,True,False,False,author_id
1857503537928768,2,0,0,2,True,False,False,author_id
7524651291906245691,2,0,0,2,True,False,False,author_id
4397642625592397,2,0,0,2,True,False,False,author_id
4006273936268936,2,0,0,2,True,False,False,author_id
2749193430766183,2,0,1,3,True,False,True,author_id
1424564400947358,2,1,0,3,True,True,False,author_id
1557367439230164,2,0,0,2,True,False,False,author_id
86728097704,2,0,0,2,True,False,False,author_id
3513664665028872,2,0,1,3,True,False,True,author_id
1783837317144764,2,0,0,2,True,False,False,author_id
2439169152665136,2,0,0,2,True,False,False,author_id
19dcbd4c-103a-9346-4a36-03e20d919e02,2,0,0,2,True,False,False,author_id
1216472580364048,2,0,0,2,True,False,False,author_id
4152224902035979,2,0,0,2,True,False,False,author_id
61647309237,2,0,0,2,True,False,False,author_id
7579202889952838713,2,0,0,2,True,False,False,author_id
1165929269435325,2,0,0,2,True,False,False,author_id
1174704343513407,2,0,0,2,True,False,False,author_id
98875530033,2,0,0,2,True,False,False,author_id
1891620841597128,2,0,1,3,True,False,True,author_id
1030673207658936,2,0,0,2,True,False,False,author_id
3468275307255341,2,0,0,2,True,False,False,author_id
4176360165880010,2,0,0,2,True,False,False,author_id
4183001391965087,2,1,0,3,True,True,False,author_id
1312143929261107,2,0,0,2,True,False,False,author_id
2836366859970795,2,0,0,2,True,False,False,author_id
68962603052,2,0,0,2,True,False,False,author_id
165375863963003,2,0,0,2,True,False,False,author_id
2247841887035244,2,1,0,3,True,True,False,author_id
100401316435,2,0,0,2,True,False,False,author_id
2772309332733721,2,0,1,3,True,False,True,author_id
7580000648511423537,2,0,0,2,True,False,False,author_id
2682425610604831,2,0,0,2,True,False,False,author_id
3888335972730414,2,0,0,2,True,False,False,author_id
115875635274708,2,0,0,2,True,False,False,author_id
4100545105634378,2,0,0,2,True,False,False,author_id
2793210749917215,2,0,0,2,True,False,False,author_id
2681059500897643,2,0,0,2,True,False,False,author_id
aae71d6f-a96d-818a-080f-7a52d026d239,2,0,1,3,True,False,True,author_id
55621d9e-5b57-7804-5167-ad93e7487357,2,0,1,3,True,False,True,author_id
1213493492849592,2,0,0,2,True,False,False,author_id
1012012392142637,2,0,0,2,True,False,False,author_id
4215951673273543,2,0,0,2,True,False,False,author_id
5601727f-008a-1460-a9cf-f47aaf2d6584,2,0,0,2,True,False,False,author_id
2709efad-876d-1675-bb31-0b484a1e472b,2,0,0,2,True,False,False,author_id
1944369764249852,2,0,0,2,True,False,False,author_id
25fe8426-eaea-0225-791b-3de94c62970a,2,0,1,3,True,False,True,author_id
496e7137-f87e-4211-c881-a4b212317994,2,1,1,4,True,True,True,author_id
2fc66c31-8f10-4caa-c278-292de2db0109,2,0,0,2,True,False,False,author_id
91763f46-5d12-4739-d6bd-e994d7b26094,2,0,0,2,True,False,False,author_id
2417187782926460,2,0,0,2,True,False,False,author_id
549c5e47-7d29-752a-6623-fd2a2a88bf79,2,0,0,2,True,False,False,author_id
bc596408-1ca7-c8da-6ac2-ecdb8c96eda9,2,0,0,2,True,False,False,author_id
71160232152,2,0,0,2,True,False,False,author_id
79213951637,2,0,0,2,True,False,False,author_id
104372782587,2,0,0,2,True,False,False,author_id
24293d6e-8131-6341-b8a5-d2049792eac5,2,1,0,3,True,True,False,author_id
282989217986410,2,0,0,2,True,False,False,author_id
d650f6a2-e37e-f8f6-f9da-50104275092d,2,0,0,2,True,False,False,author_id
2fa8631c-6275-9476-7ad1-bf588e21f648,2,1,0,3,True,True,False,author_id
8bbef3b6-2968-da49-25c8-63aadd61ebaf,2,0,1,3,True,False,True,author_id
3891926451362508,2,0,1,3,True,False,True,author_id
59589523985,2,0,0,2,True,False,False,author_id
2120285603241299,2,0,0,2,True,False,False,author_id
156578512909178,2,0,0,2,True,False,False,author_id
5e67b9f3-bf1a-f6a8-4d07-547afe0382e8,2,0,0,2,True,False,False,author_id
d3fc28fb-550c-4223-ed07-b9a340b44f80,2,0,1,3,True,False,True,author_id
691e50fe-991b-c00b-0e90-fc2e0c014835,2,0,1,3,True,False,True,author_id
2047747647355828,2,0,0,2,True,False,False,author_id
10ef7a5e-9615-707a-0ce6-454562d2b3e5,2,0,0,2,True,False,False,author_id
6233a539-aa44-091d-00b9-723c3aa57a4c,2,0,2,4,True,False,True,author_id
83850498434,2,1,0,3,True,True,False,author_id
0f2b3ebe-9cf5-a606-be43-7854d725d2c0,2,1,1,4,True,True,True,author_id
2115905410564941,2,0,0,2,True,False,False,author_id
1930395156230429,2,0,0,2,True,False,False,author_id
237149111203502,2,0,0,2,True,False,False,author_id
4266539925651144,2,0,0,2,True,False,False,author_id
4068619693333071,2,0,1,3,True,False,True,author_id
2630512660721741,2,0,0,2,True,False,False,author_id
3507878007943865,2,0,0,2,True,False,False,author_id
66874375997,2,0,0,2,True,False,False,author_id
106831234994,2,0,0,2,True,False,False,author_id
3648631262682890,2,0,1,3,True,False,True,author_id
1910281942606172,2,0,1,3,True,False,True,author_id
3883910597462056,2,0,0,2,True,False,False,author_id
7460009747736724538,2,0,0,2,True,False,False,author_id
2825080825200048,2,0,0,2,True,False,False,author_id
7571072628598064187,2,0,0,2,True,False,False,author_id
798722120225674,2,0,0,2,True,False,False,author_id
3227813844096955,2,0,0,2,True,False,False,author_id
864648353029428,2,0,0,2,True,False,False,author_id
7524625866836902971,2,1,1,4,True,True,True,author_id
76a9cd89-fdab-b802-70c2-7bc259d1b013,2,0,0,2,True,False,False,author_id
1643108878518265,2,0,0,2,True,False,False,author_id
3406723739036496,2,0,0,2,True,False,False,author_id
3115385182766064,2,0,0,2,True,False,False,author_id
6556303280,2,0,0,2,True,False,False,author_id
1465016975110660,2,0,0,2,True,False,False,author_id
63217778210,2,0,1,3,True,False,True,author_id
742917355609805,2,0,0,2,True,False,False,author_id
7503184601084593209,2,0,1,3,True,False,True,author_id
78529946587,2,0,2,4,True,False,True,author_id
3793743456768937,2,0,0,2,True,False,False,author_id
2762428027510932,2,0,1,3,True,False,True,author_id
3927079537088676,2,0,0,2,True,False,False,author_id
3668421832879464,2,0,0,2,True,False,False,author_id
2630483193373616,2,0,0,2,True,False,False,author_id
4435873729611747,2,1,0,3,True,True,False,author_id
1025196285503872,2,0,0,2,True,False,False,author_id
552435821321964,2,0,0,2,True,False,False,author_id
4209345577880158,2,0,1,3,True,False,True,author_id
1260518160730740,2,0,0,2,True,False,False,author_id
7439662044653208634,2,0,0,2,True,False,False,author_id
1359465183183246,2,1,1,4,True,True,True,author_id
64357337547,2,0,0,2,True,False,False,author_id
95803736069,2,0,0,2,True,False,False,author_id
71297243911,2,0,0,2,True,False,False,author_id
3747580631854878,2,0,0,2,True,False,False,author_id
bc46d2b6-6fc1-9117-5331-e0077c994de4,2,0,0,2,True,False,False,author_id
295091404538055,2,1,0,3,True,True,False,author_id
796465663856460,2,0,0,2,True,False,False,author_id
7599934593777501243,2,0,0,2,True,False,False,author_id
52ad7ae9-15c7-855d-2add-492bcf2b0b02,2,0,0,2,True,False,False,author_id
849288972224531,2,0,0,2,True,False,False,author_id
732755268996195,2,0,0,2,True,False,False,author_id
142c5800-a156-f78c-bb95-485ee698463b,2,0,0,2,True,False,False,author_id
701bee65-a482-4270-7996-08924aa36caf,2,0,0,2,True,False,False,author_id
7411852413869671481,2,0,0,2,True,False,False,author_id
93480519330,2,0,0,2,True,False,False,author_id
c53e265a-c901-0778-aef1-08289d32aeeb,2,1,0,3,True,True,False,author_id
4330305111468175,2,0,0,2,True,False,False,author_id
1359447910002776,2,0,0,2,True,False,False,author_id
3a920f7d-8105-c8f2-216b-95aac0d1ff55,2,0,0,2,True,False,False,author_id
330327992314823,2,0,0,2,True,False,False,author_id
d207491b-a53b-6f44-ba5f-cfc8d9386333,2,0,1,3,True,False,True,author_id
1b5621c9-8f0d-21c7-547b-ab990631eb48,2,0,0,2,True,False,False,author_id
774390dc-5444-1ff8-8ce3-07ab45060148,2,0,0,2,True,False,False,author_id
668b8a7d-3d0a-0dda-53b5-219eab606b5b,2,0,0,2,True,False,False,author_id
a244c4ce-6553-a7d4-097b-025bacfd7922,2,0,0,2,True,False,False,author_id
7524649017218434105,2,1,0,3,True,True,False,author_id
7585311563952800826,1,0,0,1,True,False,False,author_id
451274120628185,1,0,0,1,True,False,False,author_id
75306860806,1,0,0,1,True,False,False,author_id
273123429071838,1,0,0,1,True,False,False,author_id
643656442712384,1,0,0,1,True,False,False,author_id
299535262822100,1,0,0,1,True,False,False,author_id
97487319185,1,0,0,1,True,False,False,author_id
7607108674146927653,1,0,0,1,True,False,False,author_id
97033245722,1,0,0,1,True,False,False,author_id
4214874811141448,1,0,0,1,True,False,False,author_id
37813905260795,1,0,0,1,True,False,False,author_id
1594746348769012,1,0,0,1,True,False,False,author_id
62355143793,1,0,0,1,True,False,False,author_id
3958712584125917,1,0,0,1,True,False,False,author_id
3712397245415768,1,0,0,1,True,False,False,author_id
4037061292328984,1,0,0,1,True,False,False,author_id
3463924205225370,1,0,0,1,True,False,False,author_id
4396291263565257,1,0,0,1,True,False,False,author_id
88617437824,1,0,0,1,True,False,False,author_id
2843790455349563,1,0,0,1,True,False,False,author_id
3760762690733323,1,0,0,1,True,False,False,author_id
7511645305215140921,1,0,0,1,True,False,False,author_id
728299243321881,1,0,0,1,True,False,False,author_id
51212338779,1,0,0,1,True,False,False,author_id
3619207851815804,1,0,0,1,True,False,False,author_id
2508413084898643,1,0,0,1,True,False,False,author_id
4189617200840380,1,0,0,1,True,False,False,author_id
3616752336914073,1,0,0,1,True,False,False,author_id
1602430961742728,1,0,0,1,True,False,False,author_id
59092858175,1,0,0,1,True,False,False,author_id
4373216951297322,1,0,0,1,True,False,False,author_id
97585234351,1,0,0,1,True,False,False,author_id
65774681928,1,0,0,1,True,False,False,author_id
1693700349771677,1,0,0,1,True,False,False,author_id
4413864245211578,1,0,0,1,True,False,False,author_id
7506146361134498873,1,0,0,1,True,False,False,author_id
3076884294273264,1,0,0,1,True,False,False,author_id
96913953829,1,0,0,1,True,False,False,author_id
61628237686,1,0,0,1,True,False,False,author_id
2022754675858976,1,0,0,1,True,False,False,author_id
1389429960999968,1,0,0,1,True,False,False,author_id
968011270335143,1,0,0,1,True,False,False,author_id
2059850118080004,1,0,0,1,True,False,False,author_id
3933387871759080,1,0,0,1,True,False,False,author_id
360268242093976,1,0,0,1,True,False,False,author_id
485321152143740,1,0,0,1,True,False,False,author_id
3367129825943915,1,0,0,1,True,False,False,author_id
169747772871452,1,0,0,1,True,False,False,author_id
2235784754895401,1,0,0,1,True,False,False,author_id
103618677950,1,0,0,1,True,False,False,author_id
7596380870676759589,1,1,1,3,True,True,True,author_id
1165897612932508,1,0,0,1,True,False,False,author_id
1625508589088153,1,0,0,1,True,False,False,author_id
82459269763,1,0,0,1,True,False,False,author_id
3094447507651795,1,0,0,1,True,False,False,author_id
948245421883962,1,0,0,1,True,False,False,author_id
63671176566,1,0,0,1,True,False,False,author_id
620599381599773,1,0,0,1,True,False,False,author_id
83383982900,1,0,0,1,True,False,False,author_id
4501852813527289,1,0,0,1,True,False,False,author_id
931988525825230,1,0,0,1,True,False,False,author_id
2714043313815648,1,0,0,1,True,False,False,author_id
3215413796936268,1,0,0,1,True,False,False,author_id
3499123329992972,1,0,0,1,True,False,False,author_id
63727616821,1,0,0,1,True,False,False,author_id
4266545046357597,1,0,0,1,True,False,False,author_id
7605203055701787697,1,0,0,1,True,False,False,author_id
4197286238497276,1,0,0,1,True,False,False,author_id
3459541434111339,1,0,0,1,True,False,False,author_id
2425971945265194,1,0,0,1,True,False,False,author_id
86719542554,1,0,0,1,True,False,False,author_id
3423244164011403,1,0,0,1,True,False,False,author_id
2142320892319375,1,0,0,1,True,False,False,author_id
54241111709,1,0,0,1,True,False,False,author_id
500978874065992,1,0,0,1,True,False,False,author_id
62637336337,1,1,1,3,True,True,True,author_id
97883518626,1,0,2,3,True,False,True,author_id
7419705622931047481,1,0,0,1,True,False,False,author_id
98105498795,1,0,0,1,True,False,False,author_id
44461346530439,1,0,0,1,True,False,False,author_id
1420208101919709,1,0,0,1,True,False,False,author_id
1900433984983197,1,0,0,1,True,False,False,author_id
3456461648432755,1,0,0,1,True,False,False,author_id
136809287529688,1,0,0,1,True,False,False,author_id
4419662494047100,1,0,0,1,True,False,False,author_id
3039476090415392,1,0,0,1,True,False,False,author_id
7559775643912275003,1,0,0,1,True,False,False,author_id
4223693370168507,1,0,0,1,True,False,False,author_id
109889886565,1,0,0,1,True,False,False,author_id
998782818334263,1,0,0,1,True,False,False,author_id
3988662722506359,1,0,0,1,True,False,False,author_id
3764327265343965,1,0,0,1,True,False,False,author_id
99171122971,1,0,0,1,True,False,False,author_id
76542380281,1,0,0,1,True,False,False,author_id
103153695532,1,0,0,1,True,False,False,author_id
101348060787,1,0,0,1,True,False,False,author_id
111283452001,1,0,0,1,True,False,False,author_id
73837360613,1,0,0,1,True,False,False,author_id
4240162847208071,1,0,0,1,True,False,False,author_id
7423798846785274937,1,0,0,1,True,False,False,author_id
108837809418,1,0,0,1,True,False,False,author_id
7539928984777376827,1,0,0,1,True,False,False,author_id
1845460045661867,1,0,0,1,True,False,False,author_id
104514103103,1,0,0,1,True,False,False,author_id
3723412795295876,1,0,0,1,True,False,False,author_id
7538457218123842618,1,0,0,1,True,False,False,author_id
78100450393,1,0,0,1,True,False,False,author_id
63709763829,1,1,0,2,True,True,False,author_id
2877836888391080,1,0,0,1,True,False,False,author_id
7605150194821760049,1,0,0,1,True,False,False,author_id
273124692066472,1,0,0,1,True,False,False,author_id
2396589511149981,1,0,0,1,True,False,False,author_id
4464435371708615,1,0,0,1,True,False,False,author_id
60280072555,1,0,0,1,True,False,False,author_id
4144506446546411,1,0,0,1,True,False,False,author_id
719559433920650,1,0,0,1,True,False,False,author_id
59338923956,1,0,0,1,True,False,False,author_id
4143436435822816,1,1,0,2,True,True,False,author_id
24635934796928,1,0,0,1,True,False,False,author_id
2463381510173315,1,0,0,1,True,False,False,author_id
101800790134,1,0,0,1,True,False,False,author_id
7521308633667273786,1,0,0,1,True,False,False,author_id
73579044337,1,0,0,1,True,False,False,author_id
95096678614,1,0,0,1,True,False,False,author_id
2157673397620266,1,0,0,1,True,False,False,author_id
3968556252795690,1,0,0,1,True,False,False,author_id
7598386966841820219,1,0,0,1,True,False,False,author_id
7547653116784657467,1,0,0,1,True,False,False,author_id
3284970991522008,1,0,0,1,True,False,False,author_id
7528977603895428153,1,0,0,1,True,False,False,author_id
3470493947534528,1,0,0,1,True,False,False,author_id
92456404541,1,0,0,1,True,False,False,author_id
2311650056871664,1,0,0,1,True,False,False,author_id
2623874097491387,1,0,0,1,True,False,False,author_id
3811366312093626,1,0,0,1,True,False,False,author_id
85433472151,1,0,0,1,True,False,False,author_id
4097208139912508,1,0,0,1,True,False,False,author_id
7617387485093790777,1,0,0,1,True,False,False,author_id
1207710136405472,1,0,0,1,True,False,False,author_id
3945500984217643,1,1,0,2,True,True,False,author_id
2381975628819772,1,0,0,1,True,False,False,author_id
7555350899225871418,1,0,0,1,True,False,False,author_id
2931756687178554,1,1,0,2,True,True,False,author_id
2977948132446892,1,0,0,1,True,False,False,author_id
66698779974,1,0,0,1,True,False,False,author_id
3235207598586067,1,0,0,1,True,False,False,author_id
688741048130989,1,0,0,1,True,False,False,author_id
2577704248150995,1,0,0,1,True,False,False,author_id
4002695188062652,1,0,0,1,True,False,False,author_id
101783357426,1,0,0,1,True,False,False,author_id
72422164583,1,0,0,1,True,False,False,author_id
4306145749267975,1,0,0,1,True,False,False,author_id
82358884762,1,0,0,1,True,False,False,author_id
237914790309783,1,0,0,1,True,False,False,author_id
99216697573,1,0,0,1,True,False,False,author_id
264349475940254,1,0,0,1,True,False,False,author_id
1972975848657678,1,0,0,1,True,False,False,author_id
101349202583,1,0,0,1,True,False,False,author_id
2950686681341422,1,0,0,1,True,False,False,author_id
2005926021439560,1,0,0,1,True,False,False,author_id
111187059274,1,0,0,1,True,False,False,author_id
1275865267440317,1,0,0,1,True,False,False,author_id
864693330381860,1,0,0,1,True,False,False,author_id
705263485074841,1,1,0,2,True,True,False,author_id
1768439644174156,1,0,0,1,True,False,False,author_id
1512527052677020,1,0,0,1,True,False,False,author_id
84785752657,1,0,0,1,True,False,False,author_id
85184914009,1,0,0,1,True,False,False,author_id
59233673371,1,0,0,1,True,False,False,author_id
3522472842898285,1,0,0,1,True,False,False,author_id
7601344192892322853,1,1,0,2,True,True,False,author_id
7623317942159787045,1,0,0,1,True,False,False,author_id
2505106950195268,1,0,0,1,True,False,False,author_id
91621166209,1,0,0,1,True,False,False,author_id
4169762539049116,1,0,0,1,True,False,False,author_id
78034896995,1,0,0,1,True,False,False,author_id
98163304323,1,0,0,1,True,False,False,author_id
1209921039241576,1,0,0,1,True,False,False,author_id
3162622476958126,1,0,0,1,True,False,False,author_id
2464421228587114,1,0,0,1,True,False,False,author_id
3320953885435863,1,0,0,1,True,False,False,author_id
2199442814981056,1,1,0,2,True,True,False,author_id
3801432379626932,1,0,0,1,True,False,False,author_id
1521321043041968,1,0,0,1,True,False,False,author_id
3441895049795956,1,0,0,1,True,False,False,author_id
59843265847,1,0,0,1,True,False,False,author_id
71077900215,1,0,0,1,True,False,False,author_id
98270312525,1,0,0,1,True,False,False,author_id
97853688520,1,0,0,1,True,False,False,author_id
92366695396,1,0,0,1,True,False,False,author_id
7624126113719272497,1,0,0,1,True,False,False,author_id
615367052896216,1,0,0,1,True,False,False,author_id
553795211770492,1,0,0,1,True,False,False,author_id
4204962420896861,1,0,0,1,True,False,False,author_id
4038955422983273,1,0,0,1,True,False,False,author_id
3745383212646473,1,0,0,1,True,False,False,author_id
2841551087874824,1,0,0,1,True,False,False,author_id
104826605086,1,0,0,1,True,False,False,author_id
91639435616,1,0,0,1,True,False,False,author_id
2329206236909219,1,0,0,1,True,False,False,author_id
2384186772568148,1,0,0,1,True,False,False,author_id
4355597451143372,1,1,0,2,True,True,False,author_id
105205486109,1,0,0,1,True,False,False,author_id
1816806103979095,1,0,0,1,True,False,False,author_id
106067997108,1,0,0,1,True,False,False,author_id
2821765880879563,1,0,0,1,True,False,False,author_id
3127487264,1,0,0,1,True,False,False,author_id
57818010054,1,0,0,1,True,False,False,author_id
7547972367000241209,1,0,0,1,True,False,False,author_id
71035367461,1,0,0,1,True,False,False,author_id
7.289442367885839e+18,3,0,0,3,True,False,False,music_id
7.636990916783377e+18,3,1,1,5,True,True,True,music_id
7.387410485414088e+18,3,0,0,3,True,False,False,music_id
7.621484489745796e+18,2,0,0,2,True,False,False,music_id
7.603786693702844e+18,2,1,0,3,True,True,False,music_id
7.605185176058269e+18,2,0,0,2,True,False,False,music_id
7.255756439318989e+18,2,0,0,2,True,False,False,music_id
7.620853813347666e+18,2,0,0,2,True,False,False,music_id
7.289747507247173e+18,1,0,0,1,True,False,False,music_id
7.621534860191993e+18,1,0,0,1,True,False,False,music_id
7.621503977707933e+18,1,0,0,1,True,False,False,music_id
7.621518398782066e+18,1,0,0,1,True,False,False,music_id
7.621522756248604e+18,1,0,0,1,True,False,False,music_id
7.621529026745716e+18,1,0,0,1,True,False,False,music_id
7.621554883438939e+18,1,0,0,1,True,False,False,music_id
7.621535310085688e+18,1,0,0,1,True,False,False,music_id
7.621538441180745e+18,1,0,0,1,True,False,False,music_id
7.62149398781949e+18,1,0,0,1,True,False,False,music_id
7.621566095501151e+18,1,0,0,1,True,False,False,music_id
7.621727790749584e+18,1,0,0,1,True,False,False,music_id
7.562895539637846e+18,1,0,0,1,True,False,False,music_id
7.621754364788575e+18,1,0,0,1,True,False,False,music_id
7.621785983012392e+18,1,0,0,1,True,False,False,music_id
7.621825578483715e+18,1,0,0,1,True,False,False,music_id
7.62150230250285e+18,1,0,0,1,True,False,False,music_id
7.621482816019729e+18,1,0,0,1,True,False,False,music_id
7.621485900644224e+18,1,0,0,1,True,False,False,music_id
7.621483801944149e+18,1,0,0,1,True,False,False,music_id
7.62133189437383e+18,1,0,0,1,True,False,False,music_id
7.62139611831216e+18,1,0,0,1,True,False,False,music_id
7.621401081830428e+18,1,0,0,1,True,False,False,music_id
7.621408153103601e+18,1,0,0,1,True,False,False,music_id
7.621409043172789e+18,1,0,0,1,True,False,False,music_id
7.621420060522925e+18,1,0,0,1,True,False,False,music_id
7.445053060495722e+18,1,0,0,1,True,False,False,music_id
7.621434127039892e+18,1,0,0,1,True,False,False,music_id
7.621436544494423e+18,1,0,0,1,True,False,False,music_id
7.62143930360118e+18,1,0,0,1,True,False,False,music_id
7.621449036133879e+18,1,0,0,1,True,False,False,music_id
7.621453445237001e+18,1,0,0,1,True,False,False,music_id
7.621454971778747e+18,1,0,0,1,True,False,False,music_id
7.62148200107354e+18,1,0,0,1,True,False,False,music_id
7.62186746195195e+18,1,0,0,1,True,False,False,music_id
7.621828207725104e+18,1,0,0,1,True,False,False,music_id
7.62203636589873e+18,1,0,0,1,True,False,False,music_id
7.621877682493607e+18,1,0,0,1,True,False,False,music_id
7.622254188143152e+18,1,0,0,1,True,False,False,music_id
7.622220032151522e+18,1,0,0,1,True,False,False,music_id
7.622230456628465e+18,1,0,0,1,True,False,False,music_id
7.622233960894057e+18,1,0,0,1,True,False,False,music_id
7.598742131261458e+18,1,0,0,1,True,False,False,music_id
7.622242537580465e+18,1,0,0,1,True,False,False,music_id
7.622243112387333e+18,1,0,0,1,True,False,False,music_id
7.622251799566749e+18,1,0,0,1,True,False,False,music_id
7.622281473608977e+18,1,0,0,1,True,False,False,music_id
7.622190151053086e+18,1,0,0,1,True,False,False,music_id
7.622313088192105e+18,1,0,0,1,True,False,False,music_id
7.622291103949262e+18,1,0,0,1,True,False,False,music_id
7.622297712779939e+18,1,0,0,1,True,False,False,music_id
7.622299824523595e+18,1,0,0,1,True,False,False,music_id
7.622310879303831e+18,1,0,0,1,True,False,False,music_id
7.622315482367987e+18,1,0,0,1,True,False,False,music_id
7.622318866542136e+18,1,0,0,1,True,False,False,music_id
7.622204249358814e+18,1,0,0,1,True,False,False,music_id
7.622156462759923e+18,1,0,0,1,True,False,False,music_id
7.621232496486698e+18,1,0,0,1,True,False,False,music_id
7.62194881459723e+18,1,0,0,1,True,False,False,music_id
7.621882213063331e+18,1,0,0,1,True,False,False,music_id
7.62188307472635e+18,1,0,0,1,True,False,False,music_id
7.621885077644856e+18,1,0,0,1,True,False,False,music_id
7.621885310368075e+18,1,0,0,1,True,False,False,music_id
80667982.0,1,0,0,1,True,False,False,music_id
7.621929952656838e+18,1,0,0,1,True,False,False,music_id
7.621933561917115e+18,1,0,0,1,True,False,False,music_id
7.6219693832416e+18,1,0,0,1,True,False,False,music_id
7.622147889569353e+18,1,0,0,1,True,False,False,music_id
7.621973271400549e+18,1,0,0,1,True,False,False,music_id
7.622046011325763e+18,1,0,0,1,True,False,False,music_id
7.622097979927121e+18,1,0,0,1,True,False,False,music_id
7.622102093252103e+18,1,0,0,1,True,False,False,music_id
7.622127898677349e+18,1,0,0,1,True,False,False,music_id
7.622133553387884e+18,1,0,0,1,True,False,False,music_id
7.49447332515986e+18,1,0,0,1,True,False,False,music_id
7.621259582098198e+18,1,0,0,1,True,False,False,music_id
7.621196214087814e+18,1,0,0,1,True,False,False,music_id
7.621223135698079e+18,1,0,0,1,True,False,False,music_id
7.62071967146543e+18,1,0,0,1,True,False,False,music_id
7.620488689663184e+18,1,0,0,1,True,False,False,music_id
7.620602451884133e+18,1,0,0,1,True,False,False,music_id
7.620624824531946e+18,1,0,0,1,True,False,False,music_id
7.620656138467511e+18,1,0,0,1,True,False,False,music_id
7.620657096526188e+18,1,0,0,1,True,False,False,music_id
7.620690779807305e+18,1,0,0,1,True,False,False,music_id
7.620705132098948e+18,1,0,0,1,True,False,False,music_id
7.620724582516919e+18,1,0,0,1,True,False,False,music_id
7.620462413522963e+18,1,0,0,1,True,False,False,music_id
7.620729083106119e+18,1,0,0,1,True,False,False,music_id
7.620733364437601e+18,1,0,0,1,True,False,False,music_id
7.620734696980352e+18,1,0,0,1,True,False,False,music_id
7.620752404090244e+18,1,0,0,1,True,False,False,music_id
7.620755700029214e+18,1,0,0,1,True,False,False,music_id
7.620755788352605e+18,1,0,0,1,True,False,False,music_id
7.620757587193105e+18,1,0,0,1,True,False,False,music_id
7.549865235870322e+18,1,0,0,1,True,False,False,music_id
7.620457846920039e+18,1,0,0,1,True,False,False,music_id
7.621202291395841e+18,1,0,0,1,True,False,False,music_id
7.620398484054937e+18,1,0,0,1,True,False,False,music_id
7.620362245591141e+18,1,0,0,1,True,False,False,music_id
7.620373290888367e+18,1,0,0,1,True,False,False,music_id
7.6203812440182e+18,1,0,0,1,True,False,False,music_id
7.620385281983761e+18,1,0,0,1,True,False,False,music_id
7.620389396692585e+18,1,0,0,1,True,False,False,music_id
7.620393025105038e+18,1,0,0,1,True,False,False,music_id
7.620396484691267e+18,1,0,0,1,True,False,False,music_id
7.620399364057402e+18,1,0,0,1,True,False,False,music_id
7.620450073142595e+18,1,0,0,1,True,False,False,music_id
7.620400052877069e+18,1,0,0,1,True,False,False,music_id
7.620401250978893e+18,1,0,0,1,True,False,False,music_id
7.620404230154669e+18,1,0,0,1,True,False,False,music_id
7.620407318656568e+18,1,0,0,1,True,False,False,music_id
7.620413694568189e+18,1,0,0,1,True,False,False,music_id
7.620426767584988e+18,1,0,0,1,True,False,False,music_id
7.620446194288479e+18,1,0,0,1,True,False,False,music_id
7.620759492870868e+18,1,0,0,1,True,False,False,music_id
7.620761796080569e+18,1,0,0,1,True,False,False,music_id
7.620762770439359e+18,1,0,0,1,True,False,False,music_id
7.621154141921938e+18,1,0,0,1,True,False,False,music_id
7.621117487341407e+18,1,0,0,1,True,False,False,music_id
7.621117820787707e+18,1,0,0,1,True,False,False,music_id
7.621129166661996e+18,1,0,0,1,True,False,False,music_id
7.621130991473642e+18,1,0,0,1,True,False,False,music_id
7.621136942272482e+18,1,0,0,1,True,False,False,music_id
7.621142872909204e+18,1,0,0,1,True,False,False,music_id
7.621150200937057e+18,1,0,0,1,True,False,False,music_id
7.621157181959523e+18,1,0,0,1,True,False,False,music_id
7.620767778181697e+18,1,0,0,1,True,False,False,music_id
7.621165125521051e+18,1,0,0,1,True,False,False,music_id
7.62117130662932e+18,1,0,0,1,True,False,False,music_id
7.621172914523622e+18,1,0,0,1,True,False,False,music_id
7.62117738466591e+18,1,0,0,1,True,False,False,music_id
7.450458740366508e+18,1,0,0,1,True,False,False,music_id
7.621187375397719e+18,1,0,0,1,True,False,False,music_id
7.622479520343281e+18,1,0,0,1,True,False,False,music_id
7.636796710894715e+18,1,0,0,1,True,False,False,music_id
7.621098223377059e+18,1,0,0,1,True,False,False,music_id
7.621096849692282e+18,1,0,0,1,True,False,False,music_id
7.621046323442961e+18,1,0,0,1,True,False,False,music_id
7.620774497250971e+18,1,0,0,1,True,False,False,music_id
7.620780652652137e+18,1,0,0,1,True,False,False,music_id
7.620785004100062e+18,1,0,0,1,True,False,False,music_id
7.386894525223928e+18,1,0,0,1,True,False,False,music_id
7.121196168859615e+18,1,0,0,1,True,False,False,music_id
7.620824624502148e+18,1,0,0,1,True,False,False,music_id
7.620847895482355e+18,1,0,0,1,True,False,False,music_id
7.620868281313824e+18,1,0,0,1,True,False,False,music_id
7.620868964624698e+18,1,0,0,1,True,False,False,music_id
7.620884786520804e+18,1,0,0,1,True,False,False,music_id
7.251019481550422e+18,1,0,0,1,True,False,False,music_id
7.620999968739921e+18,1,0,0,1,True,False,False,music_id
7.621006330161073e+18,1,0,0,1,True,False,False,music_id
7.621010892162977e+18,1,0,0,1,True,False,False,music_id
7.621029696498617e+18,1,0,0,1,True,False,False,music_id
7.622327168437407e+18,1,0,0,1,True,False,False,music_id
7.622550751746821e+18,1,0,0,1,True,False,False,music_id
7.622497197365071e+18,1,0,0,1,True,False,False,music_id
7.546804337574611e+18,1,0,0,1,True,False,False,music_id
7.624025837889113e+18,1,0,0,1,True,False,False,music_id
7.624037343669816e+18,1,0,0,1,True,False,False,music_id
7.624070474955263e+18,1,0,0,1,True,False,False,music_id
7.624089052270431e+18,1,0,0,1,True,False,False,music_id
7.48593535725619e+18,1,0,0,1,True,False,False,music_id
7.624113367132802e+18,1,0,0,1,True,False,False,music_id
7.624124250488212e+18,1,0,0,1,True,False,False,music_id
7.023041454201113e+18,1,0,0,1,True,False,False,music_id
7.624010725752671e+18,1,0,0,1,True,False,False,music_id
7.624149108911082e+18,1,0,0,1,True,False,False,music_id
7.624159764582469e+18,1,0,0,1,True,False,False,music_id
7.624161340860419e+18,1,0,0,1,True,False,False,music_id
7.624162631615516e+18,1,0,0,1,True,False,False,music_id
7.624187819606527e+18,1,0,0,1,True,False,False,music_id
7.624189837796511e+18,1,0,0,1,True,False,False,music_id
7.624194955249978e+18,1,0,0,1,True,False,False,music_id
7.624018702601653e+18,1,0,0,1,True,False,False,music_id
7.624003169559105e+18,1,0,0,1,True,False,False,music_id
7.623722099068358e+18,1,0,0,1,True,False,False,music_id
7.623757408381865e+18,1,0,0,1,True,False,False,music_id
7.623729461233552e+18,1,0,0,1,True,False,False,music_id
7.623732820310625e+18,1,0,0,1,True,False,False,music_id
7.623736701841214e+18,1,0,0,1,True,False,False,music_id
7.623743228436549e+18,1,0,0,1,True,False,False,music_id
7.623747329517997e+18,1,0,0,1,True,False,False,music_id
7.623750797083315e+18,1,0,0,1,True,False,False,music_id
7.623751014784814e+18,1,0,0,1,True,False,False,music_id
7.623761852069776e+18,1,0,0,1,True,False,False,music_id
7.62398501131397e+18,1,0,0,1,True,False,False,music_id
7.62377063791554e+18,1,0,0,1,True,False,False,music_id
7.623776964972793e+18,1,0,0,1,True,False,False,music_id
7.623779283783011e+18,1,0,0,1,True,False,False,music_id
7.6237866873278e+18,1,0,0,1,True,False,False,music_id
7.62196782011661e+18,1,0,0,1,True,False,False,music_id
7.437928809355018e+18,1,0,0,1,True,False,False,music_id
7.545853407416812e+18,1,0,0,1,True,False,False,music_id
7.624205683990285e+18,1,0,0,1,True,False,False,music_id
7.624209105254698e+18,1,0,0,1,True,False,False,music_id
7.624356050405215e+18,1,0,0,1,True,False,False,music_id
7.624547628100881e+18,1,0,0,1,True,False,False,music_id
7.624503973482974e+18,1,0,0,1,True,False,False,music_id
7.624505698799078e+18,1,0,0,1,True,False,False,music_id
7.624509394822204e+18,1,0,0,1,True,False,False,music_id
7.624509340635991e+18,1,0,0,1,True,False,False,music_id
7.624528678457855e+18,1,0,0,1,True,False,False,music_id
7.624532183427993e+18,1,0,0,1,True,False,False,music_id
7.624541610303131e+18,1,0,0,1,True,False,False,music_id
7.624636078376357e+18,1,0,0,1,True,False,False,music_id
7.62436468027122e+18,1,0,0,1,True,False,False,music_id
7.624718748431191e+18,1,0,0,1,True,False,False,music_id
7.624752871954861e+18,1,0,0,1,True,False,False,music_id
7.624777912030367e+18,1,0,0,1,True,False,False,music_id
7.624778992796634e+18,1,0,0,1,True,False,False,music_id
7.624788246769208e+18,1,0,0,1,True,False,False,music_id
7.624803942539218e+18,1,0,0,1,True,False,False,music_id
7.624804910663601e+18,1,0,0,1,True,False,False,music_id
7.624499176373587e+18,1,0,0,1,True,False,False,music_id
7.624497038285164e+18,1,0,0,1,True,False,False,music_id
7.62449617464027e+18,1,0,0,1,True,False,False,music_id
7.624490371770387e+18,1,0,0,1,True,False,False,music_id
7.624441929215856e+18,1,0,0,1,True,False,False,music_id
7.624444518972853e+18,1,0,0,1,True,False,False,music_id
7.624455944713342e+18,1,0,0,1,True,False,False,music_id
7.624459919084817e+18,1,0,0,1,True,False,False,music_id
7.624463183918452e+18,1,0,0,1,True,False,False,music_id
7.380034402501266e+18,1,0,0,1,True,False,False,music_id
7.624467719353912e+18,1,0,0,1,True,False,False,music_id
7.624468104262372e+18,1,0,0,1,True,False,False,music_id
7.62446824099937e+18,1,0,0,1,True,False,False,music_id
7.624469286307761e+18,1,0,0,1,True,False,False,music_id
7.624470363031883e+18,1,0,0,1,True,False,False,music_id
7.624480858224807e+18,1,0,0,1,True,False,False,music_id
7.624481893320232e+18,1,0,0,1,True,False,False,music_id
7.624488840419184e+18,1,0,0,1,True,False,False,music_id
7.624489098951675e+18,1,0,0,1,True,False,False,music_id
7.623724567848078e+18,1,0,0,1,True,False,False,music_id
7.623703845566221e+18,1,0,0,1,True,False,False,music_id
7.622527956849642e+18,1,0,0,1,True,False,False,music_id
7.622920269333679e+18,1,0,0,1,True,False,False,music_id
7.622721720222486e+18,1,0,0,1,True,False,False,music_id
7.622722184535952e+18,1,0,0,1,True,False,False,music_id
7.622870336584863e+18,1,0,0,1,True,False,False,music_id
7.622878206558899e+18,1,0,0,1,True,False,False,music_id
7.598010257508223e+18,1,0,0,1,True,False,False,music_id
7.622881868203003e+18,1,0,0,1,True,False,False,music_id
7.622898617799478e+18,1,0,0,1,True,False,False,music_id
7.622937520182971e+18,1,0,0,1,True,False,False,music_id
7.622699745471188e+18,1,0,0,1,True,False,False,music_id
7.622963954309942e+18,1,0,0,1,True,False,False,music_id
7.622964828612693e+18,1,0,0,1,True,False,False,music_id
7.622966287458668e+18,1,0,0,1,True,False,False,music_id
7.622969181797567e+18,1,0,0,1,True,False,False,music_id
7.622986190123257e+18,1,0,0,1,True,False,False,music_id
7.622988645372268e+18,1,0,0,1,True,False,False,music_id
7.622990176263933e+18,1,0,0,1,True,False,False,music_id
7.622713060252847e+18,1,0,0,1,True,False,False,music_id
7.622685238514585e+18,1,0,0,1,True,False,False,music_id
7.623697900742086e+18,1,0,0,1,True,False,False,music_id
7.622580899019836e+18,1,0,0,1,True,False,False,music_id
7.622535007944379e+18,1,0,0,1,True,False,False,music_id
7.620356369212362e+18,1,0,0,1,True,False,False,music_id
7.622558699369942e+18,1,0,0,1,True,False,False,music_id
7.622575216326807e+18,1,0,0,1,True,False,False,music_id
7.622578575639907e+18,1,0,0,1,True,False,False,music_id
7.622579492619292e+18,1,0,0,1,True,False,False,music_id
7.622579600891137e+18,1,0,0,1,True,False,False,music_id
122628437.0,1,0,0,1,True,False,False,music_id
7.622648645501865e+18,1,0,0,1,True,False,False,music_id
7.599896096743096e+18,1,0,0,1,True,False,False,music_id
7.622596785080454e+18,1,0,0,1,True,False,False,music_id
7.423711961902285e+18,1,0,0,1,True,False,False,music_id
7.622624003401338e+18,1,0,0,1,True,False,False,music_id
7.622632273774431e+18,1,0,0,1,True,False,False,music_id
7.377880295368739e+18,1,0,0,1,True,False,False,music_id
7.62263497136202e+18,1,0,0,1,True,False,False,music_id
7.623003170964606e+18,1,0,0,1,True,False,False,music_id
7.623022894259473e+18,1,0,0,1,True,False,False,music_id
7.623022883698134e+18,1,0,0,1,True,False,False,music_id
7.623400986643631e+18,1,0,0,1,True,False,False,music_id
7.623351611032997e+18,1,0,0,1,True,False,False,music_id
7.623355094742027e+18,1,0,0,1,True,False,False,music_id
7.623365447879658e+18,1,0,0,1,True,False,False,music_id
7.623379001238736e+18,1,0,0,1,True,False,False,music_id
7.609258900939882e+18,1,0,0,1,True,False,False,music_id
7.623386739851136e+18,1,0,0,1,True,False,False,music_id
7.623388210601528e+18,1,0,0,1,True,False,False,music_id
7.623401876257197e+18,1,0,0,1,True,False,False,music_id
7.623035291162529e+18,1,0,0,1,True,False,False,music_id
7.623405593981636e+18,1,0,0,1,True,False,False,music_id
7.623429088170069e+18,1,0,0,1,True,False,False,music_id
7.623443154024418e+18,1,0,0,1,True,False,False,music_id
7.623506605501402e+18,1,0,0,1,True,False,False,music_id
7.623571344458075e+18,1,0,0,1,True,False,False,music_id
7.623631578740346e+18,1,0,0,1,True,False,False,music_id
7.623643989035519e+18,1,0,0,1,True,False,False,music_id
7.623350808884678e+18,1,0,0,1,True,False,False,music_id
7.62335022787291e+18,1,0,0,1,True,False,False,music_id
7.615912500111412e+18,1,0,0,1,True,False,False,music_id
7.623338705796812e+18,1,0,0,1,True,False,False,music_id
7.623048015653441e+18,1,0,0,1,True,False,False,music_id
7.623064148326223e+18,1,0,0,1,True,False,False,music_id
7.623074321103457e+18,1,0,0,1,True,False,False,music_id
7.623078175949475e+18,1,0,0,1,True,False,False,music_id
7.623078962222124e+18,1,0,0,1,True,False,False,music_id
7.623079985640787e+18,1,0,0,1,True,False,False,music_id
7.623080671245913e+18,1,0,0,1,True,False,False,music_id
7.623089588608814e+18,1,0,0,1,True,False,False,music_id
7.623120141865668e+18,1,0,0,1,True,False,False,music_id
7.623125898245524e+18,1,0,0,1,True,False,False,music_id
7.623275784182271e+18,1,0,0,1,True,False,False,music_id
7.623329458732289e+18,1,0,0,1,True,False,False,music_id
6.802210511095073e+18,1,0,0,1,True,False,False,music_id
7.623334859339025e+18,1,0,0,1,True,False,False,music_id
7.623337885214936e+18,1,0,0,1,True,False,False,music_id
7.232218789490789e+18,1,0,0,1,True,False,False,music_id
7.620285303462301e+18,1,0,0,1,True,False,False,music_id
7.620306238861053e+18,1,0,0,1,True,False,False,music_id
7.617835461905567e+18,1,0,0,1,True,False,False,music_id
7.617793862781767e+18,1,0,0,1,True,False,False,music_id
7.61779815757323e+18,1,0,0,1,True,False,False,music_id
7.617798974216375e+18,1,0,0,1,True,False,False,music_id
7.617799143779503e+18,1,0,0,1,True,False,False,music_id
7.617814332885192e+18,1,0,0,1,True,False,False,music_id
7.617825958267342e+18,1,0,0,1,True,False,False,music_id
7.617826195204853e+18,1,0,0,1,True,False,False,music_id
7.614489040973893e+18,1,0,0,1,True,False,False,music_id
7.617748548381511e+18,1,0,0,1,True,False,False,music_id
7.617841905916743e+18,1,0,0,1,True,False,False,music_id
7.61784383610202e+18,1,0,0,1,True,False,False,music_id
7.61785141366319e+18,1,0,0,1,True,False,False,music_id
7.617852107181264e+18,1,0,0,1,True,False,False,music_id
7.617886146735132e+18,1,0,0,1,True,False,False,music_id
7.617910695657393e+18,1,0,0,1,True,False,False,music_id
7.61801951553166e+18,1,0,0,1,True,False,False,music_id
7.617770444313087e+18,1,0,0,1,True,False,False,music_id
7.617738751323885e+18,1,0,0,1,True,False,False,music_id
7.618056344276405e+18,1,0,0,1,True,False,False,music_id
7.617674912698338e+18,1,0,0,1,True,False,False,music_id
7.61762609072651e+18,1,0,0,1,True,False,False,music_id
7.617642078004121e+18,1,0,0,1,True,False,False,music_id
7.617647320603135e+18,1,0,0,1,True,False,False,music_id
7.617662623856741e+18,1,0,0,1,True,False,False,music_id
7.617667414890188e+18,1,0,0,1,True,False,False,music_id
7.617667739682885e+18,1,0,0,1,True,False,False,music_id
7.617668633908727e+18,1,0,0,1,True,False,False,music_id
7.617703757291638e+18,1,0,0,1,True,False,False,music_id
7.617731482471206e+18,1,0,0,1,True,False,False,music_id
7.617705162181856e+18,1,0,0,1,True,False,False,music_id
7.617705953386991e+18,1,0,0,1,True,False,False,music_id
7.617708966270356e+18,1,0,0,1,True,False,False,music_id
7.617710424737943e+18,1,0,0,1,True,False,False,music_id
7.617710919170149e+18,1,0,0,1,True,False,False,music_id
7.617728363087547e+18,1,0,0,1,True,False,False,music_id
7.617730276333637e+18,1,0,0,1,True,False,False,music_id
6.872042114608269e+18,1,0,0,1,True,False,False,music_id
7.618067875274444e+18,1,0,0,1,True,False,False,music_id
7.618442554761137e+18,1,0,0,1,True,False,False,music_id
7.618245933041503e+18,1,0,0,1,True,False,False,music_id
7.618194745588633e+18,1,0,0,1,True,False,False,music_id
7.618203834644549e+18,1,0,0,1,True,False,False,music_id
7.618207319066807e+18,1,0,0,1,True,False,False,music_id
7.618225923686485e+18,1,0,0,1,True,False,False,music_id
7.618227611629932e+18,1,0,0,1,True,False,False,music_id
7.618228994925825e+18,1,0,0,1,True,False,False,music_id
7.618233407045881e+18,1,0,0,1,True,False,False,music_id
7.618252244160482e+18,1,0,0,1,True,False,False,music_id
7.618182649543724e+18,1,0,0,1,True,False,False,music_id
7.618255370317794e+18,1,0,0,1,True,False,False,music_id
7.618258307706326e+18,1,0,0,1,True,False,False,music_id
7.618330791491292e+18,1,0,0,1,True,False,False,music_id
7.618373360904441e+18,1,0,0,1,True,False,False,music_id
7.618406052530245e+18,1,0,0,1,True,False,False,music_id
7.618427916535303e+18,1,0,0,1,True,False,False,music_id
7.618427696967732e+18,1,0,0,1,True,False,False,music_id
7.618184654805601e+18,1,0,0,1,True,False,False,music_id
7.618182383581367e+18,1,0,0,1,True,False,False,music_id
7.618075845437033e+18,1,0,0,1,True,False,False,music_id
7.618149609132117e+18,1,0,0,1,True,False,False,music_id
7.618098484712869e+18,1,0,0,1,True,False,False,music_id
7.554179634296783e+18,1,0,0,1,True,False,False,music_id
7.618104972756012e+18,1,0,0,1,True,False,False,music_id
7.618116729947934e+18,1,0,0,1,True,False,False,music_id
7.61811892429028e+18,1,0,0,1,True,False,False,music_id
7.618147749137108e+18,1,0,0,1,True,False,False,music_id
7.441825404509225e+18,1,0,0,1,True,False,False,music_id
7.618154066987765e+18,1,0,0,1,True,False,False,music_id
7.618180251453099e+18,1,0,0,1,True,False,False,music_id
7.61815436262361e+18,1,0,0,1,True,False,False,music_id
7.618159288799743e+18,1,0,0,1,True,False,False,music_id
7.618162484469435e+18,1,0,0,1,True,False,False,music_id
7.618173034540944e+18,1,0,0,1,True,False,False,music_id
7.618177426945789e+18,1,0,0,1,True,False,False,music_id
7.618179334054448e+18,1,0,0,1,True,False,False,music_id
7.61818029067823e+18,1,0,0,1,True,False,False,music_id
7.617573646483197e+18,1,0,0,1,True,False,False,music_id
7.617546987331702e+18,1,0,0,1,True,False,False,music_id
7.617525124182789e+18,1,0,0,1,True,False,False,music_id
7.617061708372184e+18,1,0,0,1,True,False,False,music_id
7.617037124180676e+18,1,0,0,1,True,False,False,music_id
7.617042580211125e+18,1,0,0,1,True,False,False,music_id
7.089738783142514e+18,1,0,0,1,True,False,False,music_id
7.617048568284712e+18,1,0,0,1,True,False,False,music_id
7.617048795217513e+18,1,0,0,1,True,False,False,music_id
7.617054643885411e+18,1,0,0,1,True,False,False,music_id
6.957340031920966e+18,1,0,0,1,True,False,False,music_id
7.617063524506324e+18,1,0,0,1,True,False,False,music_id
7.617022825458699e+18,1,0,0,1,True,False,False,music_id
7.617072152856104e+18,1,0,0,1,True,False,False,music_id
7.617085685685587e+18,1,0,0,1,True,False,False,music_id
7.617091286528757e+18,1,0,0,1,True,False,False,music_id
7.617094770657185e+18,1,0,0,1,True,False,False,music_id
7.617099263203347e+18,1,0,0,1,True,False,False,music_id
7.487155871231771e+18,1,0,0,1,True,False,False,music_id
7.617130380625202e+18,1,0,0,1,True,False,False,music_id
7.617026512893627e+18,1,0,0,1,True,False,False,music_id
7.617022341255941e+18,1,0,0,1,True,False,False,music_id
7.484562836547437e+18,1,0,0,1,True,False,False,music_id
7.616928546893417e+18,1,0,0,1,True,False,False,music_id
7.616747668148276e+18,1,0,0,1,True,False,False,music_id
7.616769610133671e+18,1,0,0,1,True,False,False,music_id
7.616772696646454e+18,1,0,0,1,True,False,False,music_id
7.616774057974877e+18,1,0,0,1,True,False,False,music_id
7.616783421519482e+18,1,0,0,1,True,False,False,music_id
7.616810902427389e+18,1,0,0,1,True,False,False,music_id
7.480378617680236e+18,1,0,0,1,True,False,False,music_id
7.616941787693944e+18,1,0,0,1,True,False,False,music_id
7.617019221326826e+18,1,0,0,1,True,False,False,music_id
7.616941783712288e+18,1,0,0,1,True,False,False,music_id
7.616950986938142e+18,1,0,0,1,True,False,False,music_id
7.616965167175257e+18,1,0,0,1,True,False,False,music_id
7.616999418092457e+18,1,0,0,1,True,False,False,music_id
7.617001359753203e+18,1,0,0,1,True,False,False,music_id
7.617006070992489e+18,1,0,0,1,True,False,False,music_id
7.617014661371694e+18,1,0,0,1,True,False,False,music_id
7.617168490445065e+18,1,0,0,1,True,False,False,music_id
7.617182086004297e+18,1,0,0,1,True,False,False,music_id
7.617283134182264e+18,1,0,0,1,True,False,False,music_id
7.617455981110365e+18,1,0,0,1,True,False,False,music_id
7.617433145452875e+18,1,0,0,1,True,False,False,music_id
7.617433458273127e+18,1,0,0,1,True,False,False,music_id
7.617436661240794e+18,1,0,0,1,True,False,False,music_id
7.61743994052474e+18,1,0,0,1,True,False,False,music_id
7.617448929356942e+18,1,0,0,1,True,False,False,music_id
7.617451724459675e+18,1,0,0,1,True,False,False,music_id
7.61745258031024e+18,1,0,0,1,True,False,False,music_id
7.617458183728057e+18,1,0,0,1,True,False,False,music_id
7.617330563510177e+18,1,0,0,1,True,False,False,music_id
7.617459798149238e+18,1,0,0,1,True,False,False,music_id
7.617462330418466e+18,1,0,0,1,True,False,False,music_id
7.617465163800743e+18,1,0,0,1,True,False,False,music_id
85171020.0,1,0,0,1,True,False,False,music_id
7.504868015727462e+18,1,0,0,1,True,False,False,music_id
7.617476412233944e+18,1,0,0,1,True,False,False,music_id
7.6174953983992e+18,1,0,0,1,True,False,False,music_id
7.617430384015461e+18,1,0,0,1,True,False,False,music_id
7.617422671814692e+18,1,0,0,1,True,False,False,music_id
7.617419748569337e+18,1,0,0,1,True,False,False,music_id
7.617419712129338e+18,1,0,0,1,True,False,False,music_id
7.312038025209315e+18,1,0,0,1,True,False,False,music_id
7.617355983819378e+18,1,0,0,1,True,False,False,music_id
7.617357309517614e+18,1,0,0,1,True,False,False,music_id
7.617366507294707e+18,1,0,0,1,True,False,False,music_id
7.471962172138979e+18,1,0,0,1,True,False,False,music_id
7.617370933279444e+18,1,0,0,1,True,False,False,music_id
7.617372998747672e+18,1,0,0,1,True,False,False,music_id
7.617377911213018e+18,1,0,0,1,True,False,False,music_id
7.617404458787524e+18,1,0,0,1,True,False,False,music_id
7.617409198980189e+18,1,0,0,1,True,False,False,music_id
7.617409047070854e+18,1,0,0,1,True,False,False,music_id
7.617410900479299e+18,1,0,0,1,True,False,False,music_id
7.617413707462626e+18,1,0,0,1,True,False,False,music_id
7.617415322810764e+18,1,0,0,1,True,False,False,music_id
7.617418717000945e+18,1,0,0,1,True,False,False,music_id
7.618587134227713e+18,1,0,0,1,True,False,False,music_id
7.618445717534215e+18,1,0,0,1,True,False,False,music_id
7.62480922275783e+18,1,0,0,1,True,False,False,music_id
7.619589508660825e+18,1,0,0,1,True,False,False,music_id
7.619529192970964e+18,1,0,0,1,True,False,False,music_id
7.619530698721988e+18,1,0,0,1,True,False,False,music_id
7.619535472938782e+18,1,0,0,1,True,False,False,music_id
7.619553352845676e+18,1,0,0,1,True,False,False,music_id
7.619742367155162e+18,1,0,0,1,True,False,False,music_id
7.619572152315989e+18,1,0,0,1,True,False,False,music_id
7.619573050883116e+18,1,0,0,1,True,False,False,music_id
7.619592122169183e+18,1,0,0,1,True,False,False,music_id
7.619506219291528e+18,1,0,0,1,True,False,False,music_id
7.619594087867403e+18,1,0,0,1,True,False,False,music_id
7.619602387736464e+18,1,0,0,1,True,False,False,music_id
7.61964245436241e+18,1,0,0,1,True,False,False,music_id
7.619643357505146e+18,1,0,0,1,True,False,False,music_id
7.619646670476791e+18,1,0,0,1,True,False,False,music_id
7.619647530041363e+18,1,0,0,1,True,False,False,music_id
7.619651275197615e+18,1,0,0,1,True,False,False,music_id
7.619511650537721e+18,1,0,0,1,True,False,False,music_id
