author_id,crawl_time,author_user_id,sec_uid,unique_id,short_id,nickname,signature,follower_count,total_favorited,favoriting_count,following_count,verification_type,custom_verify,enterprise_verify_reason,avatar_thumb_url_list,cover_url_list,author_status,author_secret,author_prevent_download
105103838174,2026-05-06 18:29:05.809709,,MS4wLjABAAAAYokhxSv-FEBNnpiWOnybAXVU3DYt6-WrpmX7i4jntY4,dong158960,1706519806,二次元大东,"👉一个老二次元了
👉没了动漫怎么能行
👉不定期更新好看的番剧
👉举报我的替我挡灾
👉谢谢你们的厚爱",895482,20338737,,,1,,,,"[""https://p3-pc-sign.douyinpic.com/obj/c8510002be9a3a61aad2?lk3s=138a59ce&x-expires=1779271200&x-signature=1EYEloFtbUE8dN31Sss%2B8frN8G4%3D&from=327834062""]",,,
9463dbb7-40e4-1329-d338-365bb70437b8,2026-05-06 18:29:15.013238,,,,,我的,,,,,,,,,,,,,
4095052964698830,2026-05-06 18:29:19.772370,,MS4wLjABAAAAKuvT7ehbnBm4JKMrbBp7mUXgiwS9drIw5Rf3Jm98-ZNuqgalKeORAc38lvT8sBNg,syyt0728,85605872010,是吨吨呀,"在杭州吃胖20斤🍽️一路的麻辣鲜香只有自己知道...
vlog | 探店 | 攻略 | 搞钱 | 独自旅行过中国100+城市
7年电商➕新媒体🉑帮有礼貌的人做职业规划
🤝🏻syyt0728",124153,1157616,,,1,,,,"[""https://p3-pc-sign.douyinpic.com/obj/c8510002be9a3a61aad2?lk3s=138a59ce&x-expires=1779271200&x-signature=1EYEloFtbUE8dN31Sss%2B8frN8G4%3D&from=327834062""]",,,
1450950957210334,2026-05-06 18:29:26.031967,,MS4wLjABAAAATwZN8pw0-L15pGpJ8W8X6ueTaScuU_9JowYhduBoGpVD1ziuHcByFEyUVAa8zNR4,lyxj2020,3435258350,腊月小九,"🌸一家三口一猫一狗的美食与生活
小号：@腊月小九碎碎念 
(商务）: heitueee",18721327,340156892,,,1,,,,"[""https://p3-pc-sign.douyinpic.com/obj/c8510002be9a3a61aad2?lk3s=138a59ce&x-expires=1779271200&x-signature=1EYEloFtbUE8dN31Sss%2B8frN8G4%3D&from=327834062""]",,,
3380378351974988,2026-05-06 18:29:39.345909,,MS4wLjABAAAAbdRXnv5phQ-5fOBrZ-vc-Kgu8eJxckBgpDFCMf1KZmTDEJucC7S4Y2miv3jU7Uva,yyddh211314,20241073018,大韩同学呀（大比同学）,"叫我大韩就行！
经常吃自助餐！偶尔做个奖金猎人！
假如这世界上没有人爱你，那就由我来守护你吧～
合作带品牌加v:yyddh211314",358625,5754259,,,1,,,,"[""https://p3-pc-sign.douyinpic.com/obj/c8510002be9a3a61aad2?lk3s=138a59ce&x-expires=1779271200&x-signature=1EYEloFtbUE8dN31Sss%2B8frN8G4%3D&from=327834062""]",,,
3349577469788644,2026-05-06 18:29:51.389041,,MS4wLjABAAAAlItrIGbRy6SNJMbCv9zog1GbzBZJUwLVkx6cZMXIgi3wrWFB8QQ9nm5KWoYxLbFV,SHIKUANGCP,93636890941,实况测评,"无美颜 无滤镜 最真实的路人测评
全网无任何小号 
所有广告商与商家不合作 
也不用给我发私信（不回复，只回复粉丝私信）
只有好吃的才会推荐
所有测评商品均自费购买 无任何商家寄样品
售后问题直接找我本人 
如果到手和视频不一样找我退
可私信 也可联系SHIKUANGCP（是我本人）",1121475,10529090,,,1,,,,"[""https://p3-pc-sign.douyinpic.com/obj/c8510002be9a3a61aad2?lk3s=138a59ce&x-expires=1779271200&x-signature=1EYEloFtbUE8dN31Sss%2B8frN8G4%3D&from=327834062""]",,,
2086206199048896,2026-05-06 18:30:00.900383,,MS4wLjABAAAAiImVAUw2Nr1UYeuzNVeOhag03yQKvv4gr0_9COzlahKOYMSNoYWJ3R1MUJZzNz_3,40969195356,40969195356,浩子说说漫,国漫杂谈🐄动漫解说🍺童年回忆🍺深度解析  你说我剪，欢迎各位彦祖投稿。,18900,688127,,,1,,,,"[""https://p3-pc-sign.douyinpic.com/obj/c8510002be9a3a61aad2?lk3s=138a59ce&x-expires=1779271200&x-signature=1EYEloFtbUE8dN31Sss%2B8frN8G4%3D&from=327834062""]",,,
778906087728190,2026-05-06 18:30:13.319622,,MS4wLjABAAAAtY77dpuicuFTzgEXV5TS9iS4PLmovMtMxwbl_sUYcZs,MoFanHongTao,41488664022,安冬鹿神,"一条咸鱼拥有一颗爆火的百大的心
平台入驻勿扰 不接合作商单
哥俩好：@以炙面包",143854,576417,,,1,,,,"[""https://p3-pc-sign.douyinpic.com/obj/c8510002be9a3a61aad2?lk3s=138a59ce&x-expires=1779271200&x-signature=1EYEloFtbUE8dN31Sss%2B8frN8G4%3D&from=327834062""]",,,
cb81288b-14e3-d8e8-3c5a-3997938c1eea,2026-05-06 18:30:23.959223,,,,,我的,,,,,,,,,,,,,
13026a76-434a-aee1-c3c8-d1625b8ec036,2026-05-06 18:30:34.838470,,,,,我的,,,,,,,,,,,,,
