sample_id,video_id,author_id,label,score,pred,split,model_name,run_id
7361427727863385359,7361427727863385359,3338538583337303,0.0,0.25137857,0,test,dnn_quantized,202605091846
7436608563918769448,7436608563918769448,f28b3db5-8a98-ee6b-09c6-4b5453f0e475,0.0,7.7356677e-10,0,test,dnn_quantized,202605091846
7454910938953698575,7454910938953698575,2291801069987693,0.0,0.029296517,0,test,dnn_quantized,202605091846
7471634760171834659,7471634760171834659,82476269602,0.0,0.004188552,0,test,dnn_quantized,202605091846
7517969543269059850,7517969543269059850,2931726622135948,1.0,0.99826103,1,test,dnn_quantized,202605091846
7543152714943876387,7543152714943876387,7524649017218434105,0.0,0.0016114932,0,test,dnn_quantized,202605091846
7543224564684197120,7543224564684197120,7524649017218434105,0.0,0.0005371309,0,test,dnn_quantized,202605091846
7543503016624655654,7543503016624655654,92aea57b-1b01-3181-14bd-25b9188349a5,0.0,1.6034961e-09,0,test,dnn_quantized,202605091846
7544038150016929058,7544038150016929058,1994991141400795,0.0,0.0008540428,0,test,dnn_quantized,202605091846
7545305886307241216,7545305886307241216,3912530210338105,0.0,0.00022300179,0,test,dnn_quantized,202605091846
7551273257052163374,7551273257052163374,4434781459186011,0.0,0.15509552,0,test,dnn_quantized,202605091846
7568707871634885924,7568707871634885924,3543043838313328,0.0,6.149788e-05,0,test,dnn_quantized,202605091846
7603950842764447002,7603950842764447002,2900941162684969,0.0,0.07320043,0,test,dnn_quantized,202605091846
7603966638735510784,7603966638735510784,1678285457858404,1.0,0.8535838,1,test,dnn_quantized,202605091846
7604030384984182016,7604030384984182016,4048860538732696,1.0,1.0,1,test,dnn_quantized,202605091846
7604080177258684554,7604080177258684554,661247270060491,0.0,0.05794467,0,test,dnn_quantized,202605091846
7604380985584585994,7604380985584585994,1736842004401340,1.0,0.55015665,1,test,dnn_quantized,202605091846
7604447279004536073,7604447279004536073,101382101082,0.0,0.07421312,0,test,dnn_quantized,202605091846
7604473704143146246,7604473704143146246,728422ac-99ab-49e3-39c3-6d4f000c7b5f,0.0,1.6034961e-09,0,test,dnn_quantized,202605091846
7604773826357972266,7604773826357972266,4311643383413907,1.0,0.09531887,0,test,dnn_quantized,202605091846
7604799847492881674,7604799847492881674,4099458445607268,1.0,0.99980026,1,test,dnn_quantized,202605091846
7604885085570406473,7604885085570406473,880025629891079,1.0,1.0,1,test,dnn_quantized,202605091846
7605008048323319483,7605008048323319483,1204672132025055,1.0,1.0,1,test,dnn_quantized,202605091846
7605117328174501139,7605117328174501139,4443574575046396,0.0,0.16015963,0,test,dnn_quantized,202605091846
7605176499457732736,7605176499457732736,728422ac-99ab-49e3-39c3-6d4f000c7b5f,0.0,1.6034961e-09,0,test,dnn_quantized,202605091846
7605246076626521385,7605246076626521385,728422ac-99ab-49e3-39c3-6d4f000c7b5f,0.0,1.6034961e-09,0,test,dnn_quantized,202605091846
7605935152887352591,7605935152887352591,3685201811353003,0.0,0.09332773,0,test,dnn_quantized,202605091846
7606158290820949946,7606158290820949946,3801489252295257,0.0,0.030651728,0,test,dnn_quantized,202605091846
7606243602649353535,7606243602649353535,63838727162,0.0,0.011048471,0,test,dnn_quantized,202605091846
7606264908308663571,7606264908308663571,728422ac-99ab-49e3-39c3-6d4f000c7b5f,0.0,1.6034961e-09,0,test,dnn_quantized,202605091846
7606275186920361251,7606275186920361251,728422ac-99ab-49e3-39c3-6d4f000c7b5f,0.0,1.6034961e-09,0,test,dnn_quantized,202605091846
7606278219394155643,7606278219394155643,3025455780215064,1.0,1.0,1,test,dnn_quantized,202605091846
7606302699990028258,7606302699990028258,106594082021,1.0,0.19042332,0,test,dnn_quantized,202605091846
7606640466682989834,7606640466682989834,1461682614048611,1.0,0.98594564,1,test,dnn_quantized,202605091846
7607274295208174051,7607274295208174051,67975316931,0.0,0.0003739268,0,test,dnn_quantized,202605091846
7607742080462425395,7607742080462425395,2022698427362446,1.0,0.94704634,1,test,dnn_quantized,202605091846
7608093659036175667,7608093659036175667,1603503400160765,1.0,0.9949144,1,test,dnn_quantized,202605091846
7608175621836234161,7608175621836234161,80374668589,1.0,0.95672035,1,test,dnn_quantized,202605091846
7608189820883504430,7608189820883504430,972415153213531,1.0,0.9829721,1,test,dnn_quantized,202605091846
7608462661235379499,7608462661235379499,9801be9d-02dc-bd65-ce2e-f3f5178e9a12,0.0,1.1043361e-09,0,test,dnn_quantized,202605091846
7608516704481578276,7608516704481578276,3230821306084052,0.0,0.036704365,0,test,dnn_quantized,202605091846
7608780766516156587,7608780766516156587,9801be9d-02dc-bd65-ce2e-f3f5178e9a12,0.0,1.1043361e-09,0,test,dnn_quantized,202605091846
7609579296738397459,7609579296738397459,1403402835203294,0.0,0.1743178,0,test,dnn_quantized,202605091846
7609630783078288694,7609630783078288694,9801be9d-02dc-bd65-ce2e-f3f5178e9a12,0.0,2.3781315e-09,0,test,dnn_quantized,202605091846
7609674990040460682,7609674990040460682,2878934067459015,0.0,0.01450163,0,test,dnn_quantized,202605091846
7609926132556745999,7609926132556745999,26124ade-e5cc-eb21-c45c-98a50fbe3b5b,0.0,1.397173e-09,0,test,dnn_quantized,202605091846
7610031393782975785,7610031393782975785,167558301628415,1.0,0.3319758,0,test,dnn_quantized,202605091846
7610300216243162414,7610300216243162414,1500193187436269,0.0,0.06249976,0,test,dnn_quantized,202605091846
7610387712541231089,7610387712541231089,3689589293449976,1.0,0.039098926,0,test,dnn_quantized,202605091846
7610409219417738547,7610409219417738547,36b01cda-77d4-d43c-5b07-087832f52d6d,0.0,3.971356e-09,0,test,dnn_quantized,202605091846
7610439927767072369,7610439927767072369,1626875527180872,0.0,0.004188552,0,test,dnn_quantized,202605091846
7610649614208055141,7610649614208055141,101664000749,0.0,0.29904938,0,test,dnn_quantized,202605091846
7610803926492810559,7610803926492810559,03a77af9-9021-aeb4-9eab-a40be4044266,0.0,3.971356e-09,0,test,dnn_quantized,202605091846
7611043588604005651,7611043588604005651,2810787169053943,1.0,0.55015665,1,test,dnn_quantized,202605091846
7611072238611123519,7611072238611123519,2164266117894475,0.0,0.00043460896,0,test,dnn_quantized,202605091846
7611074938762364921,7611074938762364921,104673032218,1.0,0.99998844,1,test,dnn_quantized,202605091846
7611103456983567625,7611103456983567625,7479999319123739707,1.0,0.43781394,0,test,dnn_quantized,202605091846
7611117630241410313,7611117630241410313,62808502645,0.0,0.5982957,1,test,dnn_quantized,202605091846
7611374663045745963,7611374663045745963,26124ade-e5cc-eb21-c45c-98a50fbe3b5b,0.0,2.260214e-09,0,test,dnn_quantized,202605091846
7611481198795164979,7611481198795164979,49b2b857-8400-0e0c-269c-4c159ab3dabb,0.0,2.7120135e-09,0,test,dnn_quantized,202605091846
7611598921588100362,7611598921588100362,413030040994621,1.0,0.9999994,1,test,dnn_quantized,202605091846
7611622646463089960,7611622646463089960,74497205340,0.0,0.041306008,0,test,dnn_quantized,202605091846
7611834147736259881,7611834147736259881,54345816353412,1.0,0.42275128,0,test,dnn_quantized,202605091846
7611857347305385061,7611857347305385061,266506997865552,0.0,0.05523022,0,test,dnn_quantized,202605091846
7611863321561632019,7611863321561632019,763494951037571,1.0,0.9651029,1,test,dnn_quantized,202605091846
7611892161771998502,7611892161771998502,820675231366064,0.0,0.038416117,0,test,dnn_quantized,202605091846
7611897590858837691,7611897590858837691,ec95f013-a976-b9df-34dd-b7603122ffb7,0.0,1.8227752e-09,0,test,dnn_quantized,202605091846
7611910661564297115,7611910661564297115,ec95f013-a976-b9df-34dd-b7603122ffb7,0.0,2.6272704e-09,0,test,dnn_quantized,202605091846
7612115359872650511,7612115359872650511,108828975983,1.0,0.9974183,1,test,dnn_quantized,202605091846
7612306553748706723,7612306553748706723,43293768-ae54-1b13-3de6-438eb39fda33,0.0,2.7743472e-09,0,test,dnn_quantized,202605091846
7612506552196991985,7612506552196991985,94080601621,0.0,0.20018965,0,test,dnn_quantized,202605091846
7612576899893818725,7612576899893818725,3501313906705687,1.0,0.99929094,1,test,dnn_quantized,202605091846
7612626410846326058,7612626410846326058,204989213710203,0.0,0.22247715,0,test,dnn_quantized,202605091846
7612628373587758378,7612628373587758378,76121117964,1.0,0.95421803,1,test,dnn_quantized,202605091846
7612888410327485747,7612888410327485747,4119249828977693,1.0,0.98946863,1,test,dnn_quantized,202605091846
7613262133333069062,7613262133333069062,1494927858216381,0.0,0.121923484,0,test,dnn_quantized,202605091846
7613660044462198042,7613660044462198042,ec95f013-a976-b9df-34dd-b7603122ffb7,0.0,1.8227752e-09,0,test,dnn_quantized,202605091846
7614051080132889866,7614051080132889866,3634312509659018,0.0,0.5686931,1,test,dnn_quantized,202605091846
7615063700684262707,7615063700684262707,7560201895198442555,0.0,0.036187943,0,test,dnn_quantized,202605091846
7615160400543693914,7615160400543693914,93085390211,1.0,0.99998415,1,test,dnn_quantized,202605091846
7615191526385274127,7615191526385274127,1754412328949932,0.0,0.16610752,0,test,dnn_quantized,202605091846
7615224909756681482,7615224909756681482,897663284806603,1.0,0.17950335,0,test,dnn_quantized,202605091846
7615261889374735668,7615261889374735668,101328497425,1.0,0.99999475,1,test,dnn_quantized,202605091846
7615278292190514486,7615278292190514486,71038869407,0.0,0.0016521157,0,test,dnn_quantized,202605091846
7615338906040421670,7615338906040421670,2771192627856078,0.0,0.0035076109,0,test,dnn_quantized,202605091846
7615469330578279721,7615469330578279721,110964242911,0.0,0.00036172656,0,test,dnn_quantized,202605091846
7615607561005707343,7615607561005707343,94186910007,1.0,0.99862564,1,test,dnn_quantized,202605091846
7615627442803417457,7615627442803417457,c8559458-a44f-5e9c-5bbc-f29ba5cb565b,0.0,2.7743472e-09,0,test,dnn_quantized,202605091846
7615829817099813833,7615829817099813833,3421278731502252,0.0,0.03493954,0,test,dnn_quantized,202605091846
7615937943294790931,7615937943294790931,4341318107799123,0.0,0.030580929,0,test,dnn_quantized,202605091846
7615939495212485915,7615939495212485915,721743953532260,0.0,0.06076892,0,test,dnn_quantized,202605091846
7615947281694477614,7615947281694477614,1841025338321498,1.0,0.9999622,1,test,dnn_quantized,202605091846
7616209038518291747,7616209038518291747,3724769480933772,0.0,0.6202805,1,test,dnn_quantized,202605091846
7616424049338892402,7616424049338892402,111029150489,0.0,0.016487958,0,test,dnn_quantized,202605091846
7616681415404905637,7616681415404905637,3010897558642015,1.0,0.99987113,1,test,dnn_quantized,202605091846
7616696629835418880,7616696629835418880,3778375290741102,1.0,0.99932325,1,test,dnn_quantized,202605091846
7616698084181036330,7616698084181036330,7573992827677164602,1.0,0.99999905,1,test,dnn_quantized,202605091846
7616698933854670080,7616698933854670080,501001910490318,1.0,1.0,1,test,dnn_quantized,202605091846
7617000674299071778,7617000674299071778,1953209046805244,1.0,0.31057122,0,test,dnn_quantized,202605091846
7617039294968843131,7617039294968843131,2684348652861916,1.0,0.13413595,0,test,dnn_quantized,202605091846
7617053869004180763,7617053869004180763,3511164401354100,0.0,0.0068151187,0,test,dnn_quantized,202605091846
7617181198683108339,7617181198683108339,98875530033,0.0,0.024371773,0,test,dnn_quantized,202605091846
7617284592898280750,7617284592898280750,86689707215,1.0,0.71209025,1,test,dnn_quantized,202605091846
7617464693824818482,7617464693824818482,101483212500,1.0,0.21131441,0,test,dnn_quantized,202605091846
7617769665988676864,7617769665988676864,111183853178,1.0,1.0,1,test,dnn_quantized,202605091846
7618066900496534835,7618066900496534835,64402741295,0.0,0.008451395,0,test,dnn_quantized,202605091846
7618167497153465652,7618167497153465652,860266455922156,1.0,0.9369625,1,test,dnn_quantized,202605091846
7618245899558456602,7618245899558456602,ae9b4c21-f8ca-dc2b-c82d-b9c43900cd94,0.0,7.2471107e-10,0,test,dnn_quantized,202605091846
7618256106808266003,7618256106808266003,ae9b4c21-f8ca-dc2b-c82d-b9c43900cd94,0.0,7.2471107e-10,0,test,dnn_quantized,202605091846
7618386657703628059,7618386657703628059,13693908437,1.0,0.03638943,0,test,dnn_quantized,202605091846
7618427009428933894,7618427009428933894,3598081807618158,1.0,0.13070627,0,test,dnn_quantized,202605091846
7618499332362325300,7618499332362325300,ae9b4c21-f8ca-dc2b-c82d-b9c43900cd94,0.0,7.2471107e-10,0,test,dnn_quantized,202605091846
7618520070452415782,7618520070452415782,4252514869316392,1.0,0.9994242,1,test,dnn_quantized,202605091846
7618526167486377955,7618526167486377955,3927079537088676,1.0,0.074262865,0,test,dnn_quantized,202605091846
7618529822620339491,7618529822620339491,ae9b4c21-f8ca-dc2b-c82d-b9c43900cd94,0.0,7.2471107e-10,0,test,dnn_quantized,202605091846
7618834816930336467,7618834816930336467,107664433961,1.0,0.026190838,0,test,dnn_quantized,202605091846
7618917735157806321,7618917735157806321,358894106853232,1.0,0.9999975,1,test,dnn_quantized,202605091846
7619149971270536475,7619149971270536475,2115905410564941,1.0,1.0,1,test,dnn_quantized,202605091846
7619155829434999291,7619155829434999291,86198140585,0.0,0.0021045562,0,test,dnn_quantized,202605091846
7619190712642358555,7619190712642358555,109544807228,1.0,0.6896424,1,test,dnn_quantized,202605091846
7619262761285078308,7619262761285078308,2843806807363184,0.0,0.030141478,0,test,dnn_quantized,202605091846
7619282387125423406,7619282387125423406,2499659322366892,0.0,0.020971842,0,test,dnn_quantized,202605091846
7619291021831608185,7619291021831608185,52442855640,1.0,0.9999831,1,test,dnn_quantized,202605091846
7619378714551291179,7619378714551291179,104921065995,1.0,0.999853,1,test,dnn_quantized,202605091846
7619580905178385679,7619580905178385679,7564231857984144442,0.0,0.02299752,0,test,dnn_quantized,202605091846
7619592169821182682,7619592169821182682,109731013345,0.0,0.05133975,0,test,dnn_quantized,202605091846
7619608335427456256,7619608335427456256,105480577034,1.0,0.9999981,1,test,dnn_quantized,202605091846
7619910749481094436,7619910749481094436,7478720529752769595,0.0,0.24813871,0,test,dnn_quantized,202605091846
7620009423871938778,7620009423871938778,58561097927,0.0,0.04637309,0,test,dnn_quantized,202605091846
7620392505351081225,7620392505351081225,342694184616525,1.0,0.9999976,1,test,dnn_quantized,202605091846
7620399452947270964,7620399452947270964,7534711577351357497,0.0,0.03401606,0,test,dnn_quantized,202605091846
7620399921925082418,7620399921925082418,7588070783176967205,1.0,0.71622854,1,test,dnn_quantized,202605091846
7620445987353447680,7620445987353447680,106595362374,0.0,0.0064506084,0,test,dnn_quantized,202605091846
7620661491380882734,7620661491380882734,b980e9e2-8c48-e75a-6789-85c3188d0f05,0.0,2.1381283e-09,0,test,dnn_quantized,202605091846
7620849028313484554,7620849028313484554,107755927246,1.0,0.9997496,1,test,dnn_quantized,202605091846
7621148874803039488,7621148874803039488,4b528d3b-d3bd-8f67-40c0-25dc4c2deff5,0.0,2.5331257e-09,0,test,dnn_quantized,202605091846
7621149082082869618,7621149082082869618,103436656317,0.0,0.023897564,0,test,dnn_quantized,202605091846
7621439086208748850,7621439086208748850,b980e9e2-8c48-e75a-6789-85c3188d0f05,0.0,2.1381283e-09,0,test,dnn_quantized,202605091846
7621501944162536750,7621501944162536750,5957b42a-4053-c16e-21c0-fca4459d6fce,0.0,1.865855e-09,0,test,dnn_quantized,202605091846
7621503699252235572,7621503699252235572,4441623251925982,0.0,0.010124924,0,test,dnn_quantized,202605091846
7621566235222232293,7621566235222232293,98111757667,0.0,0.042029236,0,test,dnn_quantized,202605091846
7621586564150154624,7621586564150154624,87471938389,0.0,0.004830137,0,test,dnn_quantized,202605091846
7621664655114603830,7621664655114603830,b980e9e2-8c48-e75a-6789-85c3188d0f05,0.0,2.1381283e-09,0,test,dnn_quantized,202605091846
7621793615320645327,7621793615320645327,76901416807,1.0,0.9999999,1,test,dnn_quantized,202605091846
7621912696027450678,7621912696027450678,460046915609463,1.0,1.0,1,test,dnn_quantized,202605091846
7621973101232766449,7621973101232766449,130187306490585,1.0,0.9999988,1,test,dnn_quantized,202605091846
7622253980655160586,7622253980655160586,3088950157648772,1.0,0.9999975,1,test,dnn_quantized,202605091846
7622267921452141875,7622267921452141875,97573804527,0.0,0.0003384421,0,test,dnn_quantized,202605091846
7622353926284826801,7622353926284826801,54324554892523,0.0,0.003236537,0,test,dnn_quantized,202605091846
7622648140205657386,7622648140205657386,2381975628819772,0.0,0.032168943,0,test,dnn_quantized,202605091846
