video_id,hashtag_name,crawl_time,hashtag_id,hashtag_type,is_commerce,caption_start,caption_end,start,end
7622473264698314036,动漫推荐,2026-05-06T22:27:51.440174,1587194314661901,1,False,15,20,28,33
7622473264698314036,动漫解说,2026-05-06T22:27:51.440174,1611295887654920,1,False,21,26,34,39
7622473264698314036,二次元,2026-05-06T22:27:51.440174,1549679016708097,1,False,27,31,40,44
7622473264698314036,动漫充能计划,2026-05-06T22:27:51.440174,1664221074731012,1,False,32,39,45,52
7622473264698314036,我在抖音看动漫,2026-05-06T22:27:51.440174,1638671939469324,1,False,40,48,53,61
7622305689017351906,抖音美食创作人,2026-05-06T22:28:01.155449,1674623569250317,1,False,0,0,10,18
7622305689017351906,咀嚼音,2026-05-06T22:28:01.155449,1610961227273223,1,False,0,0,23,27
7619990977893339510,第一批五一玩家已出发,2026-05-06T22:28:13.647715,7626309795750676490,1,False,41,52,71,82
7619990977893339510,重庆特色美食,2026-05-06T22:28:13.647715,1598379782421507,1,False,54,61,84,91
7619990977893339510,重庆美食,2026-05-06T22:28:13.647715,1583049073072142,1,False,62,67,92,97
7619990977893339510,没人能拒绝重庆的美食,2026-05-06T22:28:13.647715,7487887540445022249,1,False,68,79,98,109
7622236469284850970,投喂高中生,2026-05-06T22:28:26.332811,1757900993215496,1,False,18,24,33,39
7622236469284850970,冰面包,2026-05-06T22:28:26.332811,1600488715556867,1,False,25,29,40,44
7625943440111941754,vlog十亿流量扶持计划,2026-05-06T22:28:40.149038,1631751653335043,1,False,33,46,33,46
7625943440111941754,毛铺荞酒换新装了,2026-05-06T22:28:40.149038,7615516405064009734,1,False,47,56,47,56
7625943440111941754,荆楚都爱这一口,2026-05-06T22:28:40.149038,7501603685387765814,1,False,57,65,57,65
7625943440111941754,武汉劲滋味,2026-05-06T22:28:40.149038,7558814712708728847,1,False,66,72,66,72
7613388807098143194,测评,2026-05-06T22:28:55.065752,1594291775441924,1,False,64,67,64,67
7613388807098143194,速食,2026-05-06T22:28:55.065752,1589658740149261,1,False,67,70,67,70
7613388807098143194,冲泡即食,2026-05-06T22:28:55.065752,1674371759754315,1,False,71,76,71,76
7613388807098143194,火鸡面,2026-05-06T22:28:55.065752,1555244017786881,1,False,77,81,77,81
7613388807098143194,宿舍美食,2026-05-06T22:28:55.065752,1584939495954461,1,False,82,87,82,87
7628946780247428378,斩神,2026-05-06T22:29:09.842175,7419051298684667923,1,False,0,3,20,23
7628946780247428378,安卿鱼,2026-05-06T22:29:09.842175,1723102318130180,1,False,4,8,24,28
7628946780247428378,拽哥,2026-05-06T22:29:09.842175,1607327941926925,1,False,9,12,29,32
7628946780247428378,我在抖音看动漫,2026-05-06T22:29:09.842175,1638671939469324,1,False,13,21,33,41
7628946780247428378,充能计划,2026-05-06T22:29:09.842175,1655868948754440,1,False,22,27,42,47
7604806816416927022,我在抖音看动漫,2026-05-06T22:29:30.655959,1638671939469324,1,False,0,8,18,26
7604806816416927022,动漫编年史,2026-05-06T22:29:30.655959,1754442585463815,1,False,8,14,26,32
7604806816416927022,热血番补完计划,2026-05-06T22:29:30.655959,7522064810603710510,1,False,14,22,32,40
7604806816416927022,抖音ACG新春会,2026-05-06T22:29:30.655959,7577626406927763465,1,False,22,31,40,49
7604806816416927022,年味满满,2026-05-06T22:29:30.655959,1624265505308686,1,False,31,36,49,54
7598118255686283761,小学生劣质零食,2026-05-06T22:29:39.908766,7598118232470259738,1,False,0,8,9,17
7598118255686283761,儿时的回忆,2026-05-06T22:29:39.908766,1580147193665565,1,False,9,15,18,24
7598118255686283761,洋娃子,2026-05-06T22:29:39.908766,1639759886823428,1,False,16,20,25,29
