video_id,sec_item_id,group_id,comment_gid,page_url,share_url,caption,desc,preview_title,item_title,create_time,duration_ms,aweme_type,media_type,region,is_top,is_ads,is_life_item,original,shoot_way,digg_count,comment_count,share_count,collect_count,play_count,recommend_count,admire_count,crawl_time,primary_source_key,author_id
7624873382114282803,,7624873382114282803,7624873382114282803,https://www.douyin.com/video/7624873382114282803,,她又是如何蜕变攻略豪门的？#深度解析 #许我耀眼 #赵露思 #青年创作者成长计划,她又是如何蜕变攻略豪门的？#深度解析 #许我耀眼 #赵露思 #青年创作者成长计划,,,1775304185,556,0,4,CN,0,False,False,0,,23019,203,788,1638,0,0,0,2026-04-27 15:03:29.419272,7624873382114282803,64200561109
7625140333864586559,,7625140333864586559,7625140333864586559,https://www.douyin.com/video/7625140333864586559,,#沪漂生活 #打工人日常 #山姆超市 #出租屋美食 #打工人的小幸福,#沪漂生活 #打工人日常 #山姆超市 #出租屋美食 #打工人的小幸福,,,1775389800,833,0,4,CN,0,False,False,0,,11033,244,1633,1393,0,0,0,2026-04-27 15:03:44.201186,7625140333864586559,96492518134
7625266759122124394,,7625266759122124394,7625266759122124394,https://www.douyin.com/video/7625266759122124394,,一人雨天床车露营#露营车#床车#露营神车#雨天露营,一人雨天床车露营#露营车#床车#露营神车#雨天露营,,,1775395768,386,0,4,CN,0,False,False,0,,32348,4637,31273,4625,0,0,0,2026-04-27 15:03:50.675791,7625266759122124394,97892361811
7625382302234791183,,7625382302234791183,7625382302234791183,https://www.douyin.com/video/7625382302234791183,,#史前生物 #古生物 #生物科普知识 #菊石 #邓氏鱼,#史前生物 #古生物 #生物科普知识 #菊石 #邓氏鱼,,,1775422722,2555,0,4,CN,0,False,False,0,,46369,949,2831,14360,0,0,0,2026-04-27 15:03:59.209786,7625382302234791183,3595870785247504
7625492021486144777,,7625492021486144777,7625492021486144777,https://www.douyin.com/video/7625492021486144777,,{},{},,,1775475051,631,0,4,CN,0,False,False,0,,4,506,1063,8147,0,0,0,2026-04-27 15:04:07.974783,7625492021486144777,63333709399
7625531481825330537,,7625531481825330537,7625531481825330537,https://www.douyin.com/video/7625531481825330537,,#vlog,#vlog,,,1775457404,466,0,4,CN,0,False,False,0,,121428,1316,6763,4072,0,0,0,2026-04-27 15:04:16.156054,7625531481825330537,106354111423
7625546845988749440,,7625546845988749440,7625546845988749440,https://www.douyin.com/video/7625546845988749440,,#这一碗好过瘾 #曹氏鸭脖,#这一碗好过瘾 #曹氏鸭脖,,,1775460981,204056,0,4,CN,0,False,False,0,,4126,125,2272,266,0,0,0,2026-04-27 15:04:23.509657,7625546845988749440,633793014136968
7625929057691078053,,7625929057691078053,7625929057691078053,https://www.douyin.com/video/7625929057691078053,,所见皆是熟悉，所听皆是乡音，出发中国台湾！#让世界看到中国的美,所见皆是熟悉，所听皆是乡音，出发中国台湾！#让世界看到中国的美,,,1775549971,453,0,4,CN,0,False,False,0,,154384,7016,5252,7173,0,0,0,2026-04-27 15:04:28.233944,7625929057691078053,3039476090415392
7625931818142878995,,7625931818142878995,7625931818142878995,https://www.douyin.com/video/7625931818142878995,,- 抖音电商直播间带货榜是根据真实数据进行排名的直播间排行榜，希望帮助消费者通过榜单找到正在直播的好商品，让选择更简单。直播间排名越靠前曝光机会越大。,- 抖音电商直播间带货榜是根据真实数据进行排名的直播间排行榜，希望帮助消费者通过榜单找到正在直播的好商品，让选择更简单。直播间排名越靠前曝光机会越大。,,,-843159423,60000,0,4,CN,0,False,False,0,,0,0,0,0,0,0,0,2026-04-27 15:04:35.276228,7625931818142878995,438357cd-37c6-1039-bec7-897b1b0c451a
7625943440111941754,,7625943440111941754,7625943440111941754,https://www.douyin.com/video/7625943440111941754,,"挑战比格披萨只是最贵单品羊肉串，将近55元1斤，看看能吃多少串!
#vlog十亿流量扶持计划 #毛铺荞酒换新装了 #荆楚都爱这一口 #武汉劲滋味","挑战比格披萨只是最贵单品羊肉串，将近55元1斤，看看能吃多少串!
#vlog十亿流量扶持计划 #毛铺荞酒换新装了 #荆楚都爱这一口 #武汉劲滋味",,,1775560745,326984,0,4,CN,0,False,False,0,,368,605,4088,401,0,0,0,2026-04-27 15:04:41.027821,7625943440111941754,63721794375
7625983892776400448,,7625983892776400448,7625983892776400448,https://www.douyin.com/video/7625983892776400448,,#大邑 #成都周边游 #青年创作者成长计划 #药师岩 #新场古镇,#大邑 #成都周边游 #青年创作者成长计划 #药师岩 #新场古镇,,,1775562738,337013,0,4,CN,0,False,False,0,,1802,321,984,907,0,0,0,2026-04-27 15:04:51.188564,7625983892776400448,3764327265343965
7626039783856311604,,7626039783856311604,7626039783856311604,https://www.douyin.com/video/7626039783856311604,,#mrbeast #野兽先生 #野兽游戏,#mrbeast #野兽先生 #野兽游戏,,,1775611801,981,0,4,CN,0,False,False,0,,11377,399,875,7422,0,0,0,2026-04-27 15:04:57.781611,7626039783856311604,3151644576458712
7626119147679665427,,7626119147679665427,7626119147679665427,https://www.douyin.com/video/7626119147679665427,,#新番推荐 #转生成为勇者的肋骨,#新番推荐 #转生成为勇者的肋骨,,,1775594256,225267,0,4,CN,0,False,False,0,,29409,562,12386,5327,0,0,0,2026-04-27 15:05:05.872896,7626119147679665427,62661317303
7626232419351317796,,7626232419351317796,7626232419351317796,https://www.douyin.com/video/7626232419351317796,,#青年创作者成长计划 #交换世界计划 #环球旅行 #勇闯东南亚 #越南,#青年创作者成长计划 #交换世界计划 #环球旅行 #勇闯东南亚 #越南,,,1775620608,689,0,4,CN,0,False,False,0,,95173,3019,105314,9218,0,0,0,2026-04-27 15:05:12.056840,7626232419351317796,703284873011213
7626285740250418473,,7626285740250418473,7626285740250418473,https://www.douyin.com/video/7626285740250418473,,#青年创作者成长计划 #肯德基 #嫩牛五方 #雪顶咖啡 #涨知识,#青年创作者成长计划 #肯德基 #嫩牛五方 #雪顶咖啡 #涨知识,,,1775640300,185319,0,4,CN,0,False,False,0,,2089,261,544,487,0,0,0,2026-04-27 15:05:23.124440,7626285740250418473,7578804824733467685
7626294890775145403,,7626294890775145403,7626294890775145403,https://www.douyin.com/video/7626294890775145403,,#爱吃食物的女孩子 #创作者中心 #创作灵感 #自助餐 #三文鱼,#爱吃食物的女孩子 #创作者中心 #创作灵感 #自助餐 #三文鱼,,,1775635148,285634,0,4,CN,0,False,False,0,,21012,356,6359,1208,0,0,0,2026-04-27 15:05:32.681175,7626294890775145403,2381997394894572
7626305366351007011,,7626305366351007011,7626305366351007011,https://www.douyin.com/video/7626305366351007011,,【深度解析｜第四期】芳若小课堂暗藏玄机，皇后华妃双管齐下，甄嬛发配碎玉轩#甄嬛传 #青年创作者成长计划,【深度解析｜第四期】芳若小课堂暗藏玄机，皇后华妃双管齐下，甄嬛发配碎玉轩#甄嬛传 #青年创作者成长计划,,,1775637593,1719,0,4,CN,0,False,False,0,,44956,573,3448,5054,0,0,0,2026-04-27 15:05:37.339711,7626305366351007011,732732988077836
7626584955816021274,,7626584955816021274,7626584955816021274,https://www.douyin.com/video/7626584955816021274,,- 抖音电商直播间带货榜是根据真实数据进行排名的直播间排行榜，希望帮助消费者通过榜单找到正在直播的好商品，让选择更简单。直播间排名越靠前曝光机会越大。,- 抖音电商直播间带货榜是根据真实数据进行排名的直播间排行榜，希望帮助消费者通过榜单找到正在直播的好商品，让选择更简单。直播间排名越靠前曝光机会越大。,,,-843159423,811,0,4,CN,0,False,False,0,,37189,1229,8729,9043,0,0,0,2026-04-27 15:06:07.436596,7626584955816021274,438357cd-37c6-1039-bec7-897b1b0c451a
7626684177663986971,,7626684177663986971,7626684177663986971,https://www.douyin.com/video/7626684177663986971,,#科比 #詹姆斯 #安东尼 #美国男篮,#科比 #詹姆斯 #安东尼 #美国男篮,,,1775725791,589,0,4,CN,0,False,False,0,,13865,253,979,2604,0,0,0,2026-04-27 15:06:14.274431,7626684177663986971,99718787746
7626700596619348401,,7626700596619348401,7626700596619348401,https://www.douyin.com/video/7626700596619348401,,在这里躺平几天，慢节奏享受碧海蓝天#海岛旅行 #马尔代夫 #图杜岛,在这里躺平几天，慢节奏享受碧海蓝天#海岛旅行 #马尔代夫 #图杜岛,,,1775729609,651,0,4,CN,0,False,False,0,,1545,79,89,223,0,0,0,2026-04-27 15:06:18.899887,7626700596619348401,59329163612
7627061029150805302,,7627061029150805302,7627061029150805302,https://www.douyin.com/video/7627061029150805302,,是一部底层创业者的逆袭史诗，更是一场关于尊严与幸福的修行。 #大江大河  #好剧推荐,是一部底层创业者的逆袭史诗，更是一场关于尊严与幸福的修行。 #大江大河  #好剧推荐,,,1775813533,1798,0,4,CN,0,False,False,0,,43285,1008,2580,8054,0,0,0,2026-04-27 15:06:25.822427,7627061029150805302,3109036737170028
7627071685094657299,,7627071685094657299,7627071685094657299,https://www.douyin.com/video/7627071685094657299,,这是世界第一侦探，你敢跟他对视十秒吗？——L·Lawliet#死亡笔记 #L #夜神月 #动漫编年史 #二次元,这是世界第一侦探，你敢跟他对视十秒吗？——L·Lawliet#死亡笔记 #L #夜神月 #动漫编年史 #二次元,,,1775816016,199467,0,4,CN,0,False,False,0,,5577,201,667,1682,0,0,0,2026-04-27 15:06:32.656854,7627071685094657299,7597737761702331441
7627097855253089579,,7627097855253089579,7627097855253089579,https://www.douyin.com/video/7627097855253089579,,#喜羊羊与灰太狼 #美羊羊 #黑化 #反派 #二次元,#喜羊羊与灰太狼 #美羊羊 #黑化 #反派 #二次元,,,1775822112,188918,0,4,CN,0,False,False,0,,11236,238,604,9170,0,0,0,2026-04-27 15:06:42.052120,7627097855253089579,4330305111468175
7627138316899056603,,7627138316899056603,7627138316899056603,https://www.douyin.com/video/7627138316899056603,,##cos假发 #毛娘 #黑执事#夏尔#波酱,##cos假发 #毛娘 #黑执事#夏尔#波酱,,,1775831524,320034,0,4,CN,0,False,False,0,,51160,608,2487,7176,0,0,0,2026-04-27 15:06:52.655516,7627138316899056603,3525448837659146
7627193816662936883,,7627193816662936883,7627193816662936883,https://www.douyin.com/video/7627193816662936883,,动漫美食复刻。《鬼灭之刃》中恋柱甘露寺蜜璃爱吃的樱饼。软糯香甜的春日和果子。一天竟然可以吃下170个，连吃了8个月，还是小的时候？#动漫美食复刻 #鬼灭之刃 #樱饼 #甘露寺蜜璃 #和果子,动漫美食复刻。《鬼灭之刃》中恋柱甘露寺蜜璃爱吃的樱饼。软糯香甜的春日和果子。一天竟然可以吃下170个，连吃了8个月，还是小的时候？#动漫美食复刻 #鬼灭之刃 #樱饼 #甘露寺蜜璃 #和果子,,,1775881560,246500,0,4,CN,0,False,False,0,,1343,46,151,1235,0,0,0,2026-04-27 15:07:02.753111,7627193816662936883,731605969685483
7627326318220201258,,7627326318220201258,7627326318220201258,https://www.douyin.com/video/7627326318220201258,,,,,,1775876149,1073,0,4,CN,0,False,False,0,,463970,2912,51631,70716,0,0,0,2026-04-27 15:07:13.373333,7627326318220201258,64637072394
7627338394946784563,,7627338394946784563,7627338394946784563,https://www.douyin.com/video/7627338394946784563,,#山坑螺 #新农人计划2026 #乡村守护人,#山坑螺 #新农人计划2026 #乡村守护人,,,1775903700,1692,0,4,CN,0,False,False,0,,23644,1440,3738,2552,0,0,0,2026-04-27 15:07:22.385289,7627338394946784563,993562960605839
7627416174665452806,,7627416174665452806,7627416174665452806,https://www.douyin.com/video/7627416174665452806,,#我在抖音看动漫 #动漫编年史 #火影忍者手游 #带土 #二次元,#我在抖音看动漫 #动漫编年史 #火影忍者手游 #带土 #二次元,,,1775955600,401,0,4,CN,0,False,False,0,,9280,293,1002,1443,0,0,0,2026-04-27 15:07:42.802850,7627416174665452806,599660525782585
7627417139495256057,,7627417139495256057,7627417139495256057,https://www.douyin.com/video/7627417139495256057,,云南腾冲真的是一座既好吃又超好玩的宝藏城市！#腾冲 #腾冲美食 #腾冲旅行 #旅行 #vlog日常,云南腾冲真的是一座既好吃又超好玩的宝藏城市！#腾冲 #腾冲美食 #腾冲旅行 #旅行 #vlog日常,,,1775962800,318100,0,4,CN,0,False,False,0,,5086,398,4731,2248,0,0,0,2026-04-27 15:07:50.364153,7627417139495256057,71743945053
7627431605422901425,,7627431605422901425,7627431605422901425,https://www.douyin.com/video/7627431605422901425,,#赶大集 #胡辣汤 #vlog日常 #vlog美食记,#赶大集 #胡辣汤 #vlog日常 #vlog美食记,,,1775899810,538,0,4,CN,0,False,False,0,,49149,1134,9741,4560,0,0,0,2026-04-27 15:07:57.016408,7627431605422901425,3087896753472157
7627441271367290164,,7627441271367290164,7627441271367290164,https://www.douyin.com/video/7627441271367290164,,#轮回眼佐助 #轮回眼 #火影忍者,#轮回眼佐助 #轮回眼 #火影忍者,,,1775902064,381,0,4,CN,0,False,False,0,,1839,60,74,654,0,0,0,2026-04-27 15:08:06.412546,7627441271367290164,2561178482012730
7627472380595910747,,7627472380595910747,7627472380595910747,https://www.douyin.com/video/7627472380595910747,,在雨中露营过夜，是一种什么体验。#雨中露营#野外露营#户外露营#雨夜露营是什么体验 #助眠,在雨中露营过夜，是一种什么体验。#雨中露营#野外露营#户外露营#雨夜露营是什么体验 #助眠,,,1775909304,1549,0,4,CN,0,False,False,0,,5217,266,709,1177,0,0,0,2026-04-27 15:08:13.955195,7627472380595910747,1174708630333469
7627472699962576166,,7627472699962576166,7627472699962576166,https://www.douyin.com/video/7627472699962576166,,#死亡笔记 #动漫 #夜神月 #L #神作,#死亡笔记 #动漫 #夜神月 #L #神作,,,1775909384,218834,0,4,CN,0,False,False,0,,1383,43,83,317,0,0,0,2026-04-27 15:08:26.859788,7627472699962576166,1113146619342252
7627626727761513778,,7627626727761513778,7627626727761513778,https://www.douyin.com/video/7627626727761513778,,#李知恩 #韩剧推荐#iu #新剧推荐 #韩剧解说,#李知恩 #韩剧推荐#iu #新剧推荐 #韩剧解说,,,1776040756,670,0,4,CN,0,False,False,0,,1231,451,9695,6268,0,0,0,2026-04-27 15:08:31.503859,7627626727761513778,60483127446
7627693001658504421,,7627693001658504421,7627693001658504421,https://www.douyin.com/video/7627693001658504421,,#第五人格 #小六呀 #交代流,#第五人格 #小六呀 #交代流,,,1775960671,244400,0,4,CN,0,False,False,0,,4097,130,122,578,0,0,0,2026-04-27 15:08:36.990633,7627693001658504421,71122359724
7627771722061696308,,7627771722061696308,7627771722061696308,https://www.douyin.com/video/7627771722061696308,,#IU #边佑锡 #韩剧推荐 #新剧来袭 #抖音午夜放映厅,#IU #边佑锡 #韩剧推荐 #新剧来袭 #抖音午夜放映厅,,,1775979005,881,0,4,CN,0,False,False,0,,33382,525,9263,4790,0,0,0,2026-04-27 15:08:39.101759,7627771722061696308,4214869907237674
7627790321199705009,,7627790321199705009,7627790321199705009,https://www.douyin.com/video/7627790321199705009,,清图了是很厉害，但夺舍你的已经丢包撤了#三角洲 #三角洲行动 #娱乐 #搞笑 #游戏日常,清图了是很厉害，但夺舍你的已经丢包撤了#三角洲 #三角洲行动 #娱乐 #搞笑 #游戏日常,,,1775983330,262134,0,4,CN,0,False,False,0,,225407,2914,40698,17302,0,0,0,2026-04-27 15:08:41.938636,7627790321199705009,51006864113548
7627792713907195190,,7627792713907195190,7627792713907195190,https://www.douyin.com/video/7627792713907195190,,舒淇袁咏仪互换身份，昔日好闺蜜让你“众叛亲离”#香港恐怖片 #恐怖片 #抖音午夜放映厅 #了不起的精讲团,舒淇袁咏仪互换身份，昔日好闺蜜让你“众叛亲离”#香港恐怖片 #恐怖片 #抖音午夜放映厅 #了不起的精讲团,,,1775985070,1702,0,4,CN,0,False,False,0,,16373,766,3755,4649,0,0,0,2026-04-27 15:08:49.841221,7627792713907195190,2499623379545772
7627796121867341075,,7627796121867341075,7627796121867341075,https://www.douyin.com/video/7627796121867341075,,小伙体验世界上各种奇葩酒店，究竟哪个才是最疯狂的#国外视频分享 #老外真会玩 #奇葩挑战,小伙体验世界上各种奇葩酒店，究竟哪个才是最疯狂的#国外视频分享 #老外真会玩 #奇葩挑战,,,1776076200,234894,0,4,CN,0,False,False,0,,759,18,90,696,0,0,0,2026-04-27 15:08:58.503082,7627796121867341075,2001555386803502
7627822640091459546,,7627822640091459546,7627822640091459546,https://www.douyin.com/video/7627822640091459546,,大学生开学骑仿赛返校vlog，全程一千公里，一日速通#骑行vlog #大学生返校#长途骑行#机车#川崎zx4rr,大学生开学骑仿赛返校vlog，全程一千公里，一日速通#骑行vlog #大学生返校#长途骑行#机车#川崎zx4rr,,,1776158432,351944,0,4,CN,0,False,False,0,,18,654,795,231,0,0,0,2026-04-27 15:09:14.033084,7627822640091459546,100443192109
7627886327517711651,,7627886327517711651,7627886327517711651,https://www.douyin.com/video/7627886327517711651,,#周润发 #喜剧 #经典港片 #一剪到底 #了不起的精讲团,#周润发 #喜剧 #经典港片 #一剪到底 #了不起的精讲团,,,1776051300,1692,0,4,CN,0,False,False,0,,73701,938,20422,14964,0,0,0,2026-04-27 15:09:23.796308,7627886327517711651,2608478173538542
7628060646696815926,,7628060646696815926,7628060646696815926,https://www.douyin.com/video/7628060646696815926,,#火影忍者手游 #火影忍者 #神驹斑  #盘点 #抖音二创激励计划,#火影忍者手游 #火影忍者 #神驹斑  #盘点 #抖音二创激励计划,,,1776046277,291200,0,4,CN,0,False,False,0,,38873,2912,2619,4274,0,0,0,2026-04-27 15:09:31.671785,7628060646696815926,1857503537928768
7628110680549705189,,7628110680549705189,7628110680549705189,https://www.douyin.com/video/7628110680549705189,,如果你被魔法奶奶诅咒了，你能逃出生天吗？#游戏怪谈 #游戏解说 #steam游戏,如果你被魔法奶奶诅咒了，你能逃出生天吗？#游戏怪谈 #游戏解说 #steam游戏,,,1776070800,539,0,4,CN,0,False,False,0,,6674,493,486,5005,0,0,0,2026-04-27 15:09:36.588829,7628110680549705189,7515758847228675130
7628127330842662905,,7628127330842662905,7628127330842662905,https://www.douyin.com/video/7628127330842662905,,#游牧生活 #荒野求生 #野外生存 #生存 #大山深处自然美山清水秀好风光,#游牧生活 #荒野求生 #野外生存 #生存 #大山深处自然美山清水秀好风光,,,1776072600,821,0,4,CN,0,False,False,0,,8928,376,216,735,0,0,0,2026-04-27 15:09:43.169531,7628127330842662905,2694254131163224
7628207227194723611,,7628207227194723611,7628207227194723611,https://www.douyin.com/video/7628207227194723611,,#夜市#人间烟火#心动打卡指南#好好吃饭,#夜市#人间烟火#心动打卡指南#好好吃饭,,,1776135600,159174,0,4,CN,0,False,False,0,,176792,3799,174377,14620,0,0,0,2026-04-27 15:10:03.894511,7628207227194723611,1482589988992014
7628551587098610963,,7628551587098610963,7628551587098610963,https://www.douyin.com/video/7628551587098610963,,,,,,1776160583,317953,0,4,CN,0,False,False,0,,96491,1340,18384,9022,0,0,0,2026-04-27 15:10:25.561536,7628551587098610963,59618628613
7628553852249267967,,7628553852249267967,7628553852249267967,https://www.douyin.com/video/7628553852249267967,,#美团外卖40元神券是谁在领#原来美团40元神券要这样领,#美团外卖40元神券是谁在领#原来美团40元神券要这样领,,,1776167367,217500,0,4,CN,0,False,False,0,,644315,6678,130058,64410,0,0,0,2026-04-27 15:10:35.827864,7628553852249267967,4239331869079003
7628558364116651304,,7628558364116651304,7628558364116651304,https://www.douyin.com/video/7628558364116651304,,#地狱客栈 #阿拉斯托 #动漫解说 #沃克斯,#地狱客栈 #阿拉斯托 #动漫解说 #沃克斯,,,1776162162,217966,0,4,CN,0,False,False,0,,15085,68,661,7021,0,0,0,2026-04-27 15:10:46.536612,7628558364116651304,3611229244630589
7628593328451226926,,7628593328451226926,7628593328451226926,https://www.douyin.com/video/7628593328451226926,,"台州，不仅是糯叽叽天堂，去了三次台州，为你总结3天2晚超轻松逛吃攻略
.
Day1临海：台州府城墙（城隍庙-朝天门）➠紫阳街➠东湖公园➠揽胜门➠人民路
Day2天台：国清寺➠天台大瀑布➠夜游紫阳街（兴善门）
Day3温岭：小箬村
.
🍃游玩Tips
1️⃣台州府城墙：城隍庙到朝天门，精华1公里，缓坡不费腿
2️⃣紫阳街：糯叽叽美食（海苔饼、蛋清羊尾、乌饭麻糍）；夜游可登兴善门（18:00后免票）
3️⃣东湖公园：南门进，北门出，直通揽胜门大台阶（17:30后免票）
4️⃣人民路：一路的海鲜大排档
5️⃣国清寺：千年古刹，清晨人少体验好
6️⃣天台大瀑布：懒人路线走到水帘洞
7️⃣小箬村：晴天来，傍晚等麒麟山看日落
8️⃣交通&住宿：住临海，去天台1小时车程or高铁，去温岭1.5小时车程
.
我是猫猫桃
带你漫游99座宝藏小城
.
#台州 #台州旅游 #糯叽叽 #浙江旅游 #江浙沪周边游","台州，不仅是糯叽叽天堂，去了三次台州，为你总结3天2晚超轻松逛吃攻略
.
Day1临海：台州府城墙（城隍庙-朝天门）➠紫阳街➠东湖公园➠揽胜门➠人民路
Day2天台：国清寺➠天台大瀑布➠夜游紫阳街（兴善门）
Day3温岭：小箬村
.
🍃游玩Tips
1️⃣台州府城墙：城隍庙到朝天门，精华1公里，缓坡不费腿
2️⃣紫阳街：糯叽叽美食（海苔饼、蛋清羊尾、乌饭麻糍）；夜游可登兴善门（18:00后免票）
3️⃣东湖公园：南门进，北门出，直通揽胜门大台阶（17:30后免票）
4️⃣人民路：一路的海鲜大排档
5️⃣国清寺：千年古刹，清晨人少体验好
6️⃣天台大瀑布：懒人路线走到水帘洞
7️⃣小箬村：晴天来，傍晚等麒麟山看日落
8️⃣交通&住宿：住临海，去天台1小时车程or高铁，去温岭1.5小时车程
.
我是猫猫桃
带你漫游99座宝藏小城
.
#台州 #台州旅游 #糯叽叽 #浙江旅游 #江浙沪周边游",,,1776170302,179634,0,4,CN,0,False,False,0,,15236,831,16518,15528,0,0,0,2026-04-27 15:10:51.524900,7628593328451226926,74324802337
7628628390169414921,,7628628390169414921,7628628390169414921,https://www.douyin.com/video/7628628390169414921,,一口气25分钟看完犯罪电影《天注定》#犯罪 #悬疑,一口气25分钟看完犯罪电影《天注定》#犯罪 #悬疑,,,1776180020,1541,0,4,CN,0,False,False,0,,25953,649,2271,7613,0,0,0,2026-04-27 15:10:53.784309,7628628390169414921,509795900595245
7628861580435934518,,7628861580435934518,7628861580435934518,https://www.douyin.com/video/7628861580435934518,,沉浸式+深度解说经典战役之#塔山阻击战 #战争电影,沉浸式+深度解说经典战役之#塔山阻击战 #战争电影,,,1776237260,1515,0,4,CN,0,False,False,0,,23,444,793,3583,0,0,0,2026-04-27 15:10:56.260932,7628861580435934518,106853351580
7628906864238939392,,7628906864238939392,7628906864238939392,https://www.douyin.com/video/7628906864238939392,,#国外生活 #外国小姐姐 #记录生活,#国外生活 #外国小姐姐 #记录生活,,,1776243299,180300,0,4,CN,0,False,False,0,,11481,154,663,3641,0,0,0,2026-04-27 15:11:05.249991,7628906864238939392,2836366859970795
7628944573020130579,,7628944573020130579,7628944573020130579,https://www.douyin.com/video/7628944573020130579,,花了2000...把美国所有刮刮乐每样买了一张...赚翻了...#人间观察计划  #在拍一种很新的vlog,花了2000...把美国所有刮刮乐每样买了一张...赚翻了...#人间观察计划  #在拍一种很新的vlog,,,1776252084,468,0,4,CN,0,False,False,0,,84956,1707,5470,4162,0,0,0,2026-04-27 15:11:23.702024,7628944573020130579,7869942119
7628946780247428378,,7628946780247428378,7628946780247428378,https://www.douyin.com/video/7628946780247428378,,#斩神 #安卿鱼 #拽哥 #我在抖音看动漫 #充能计划,#斩神 #安卿鱼 #拽哥 #我在抖音看动漫 #充能计划,,,1777200582,276969,0,4,CN,0,False,False,0,,1,240,1167,2881,0,0,0,2026-04-27 15:11:33.748366,7628946780247428378,59179341517
7629268617456143670,,7629268617456143670,7629268617456143670,https://www.douyin.com/video/7629268617456143670,,简直不要太快乐！#合肥美食#人间烟火  #好好吃饭 #合肥步行街 #6元糖水不限量,简直不要太快乐！#合肥美食#人间烟火  #好好吃饭 #合肥步行街 #6元糖水不限量,,,1776331204,212434,0,4,CN,0,False,False,0,,25,518,11080,1282,0,0,0,2026-04-27 15:11:43.291468,7629268617456143670,73619174464
7629275610287795121,,7629275610287795121,7629275610287795121,https://www.douyin.com/video/7629275610287795121,,#香港 #香港美食 #海鲜 #谁懂这一口的好吃程度 #心动打卡指南,#香港 #香港美食 #海鲜 #谁懂这一口的好吃程度 #心动打卡指南,,,1776329152,209400,0,4,CN,0,False,False,0,,16337,873,7591,2566,0,0,0,2026-04-27 15:11:53.477623,7629275610287795121,111176973242
7629284843255237914,,7629284843255237914,7629284843255237914,https://www.douyin.com/video/7629284843255237914,,#抖音精选 #冬阴功 #泰国美食 #妈呀太香了 #美食推荐,#抖音精选 #冬阴功 #泰国美食 #妈呀太香了 #美食推荐,,,1776331304,235900,0,4,CN,0,False,False,0,,12212,725,7600,3567,0,0,0,2026-04-27 15:12:03.807644,7629284843255237914,86689707215
7629325567690794995,,7629325567690794995,7629325567690794995,https://www.douyin.com/video/7629325567690794995,,"甜品天花板来了❗️冰山熔岩+巴斯克蛋糕的搭配，这个配方入口丝滑浓郁，一点也不甜腻～
巧克力脑袋闭眼冲～
#冰山熔岩巴斯克 #巧克力控 #甜品治愈一切 #烘焙日常 #下午茶打卡","甜品天花板来了❗️冰山熔岩+巴斯克蛋糕的搭配，这个配方入口丝滑浓郁，一点也不甜腻～
巧克力脑袋闭眼冲～
#冰山熔岩巴斯克 #巧克力控 #甜品治愈一切 #烘焙日常 #下午茶打卡",,,1776340783,66989,0,4,CN,0,False,False,0,,2893,138,612,2412,0,0,0,2026-04-27 15:12:14.072011,7629325567690794995,435031951026852
7629362643128150449,,7629362643128150449,7629362643128150449,https://www.douyin.com/video/7629362643128150449,,#美食 #夜宵 #数10挑战 #美食创作人计划,#美食 #夜宵 #数10挑战 #美食创作人计划,,,1776349415,389,0,4,CN,0,False,False,0,,21168,748,12012,1106,0,0,0,2026-04-27 15:12:25.993580,7629362643128150449,101876935254
7629560213787413800,,7629560213787413800,7629560213787413800,https://www.douyin.com/video/7629560213787413800,,#僵尸叔叔 #我的观影报告 #好剧推荐 #经典港片 #热门,#僵尸叔叔 #我的观影报告 #好剧推荐 #经典港片 #热门,,,1776416280,1203,0,4,CN,0,False,False,0,,3294,152,269,559,0,0,0,2026-04-27 15:12:33.286836,7629560213787413800,1470503327904825
7629647541226753295,,7629647541226753295,7629647541226753295,https://www.douyin.com/video/7629647541226753295,,#二次元 #动漫解说 #咒术回战 #五条悟 #漫画解说,#二次元 #动漫解说 #咒术回战 #五条悟 #漫画解说,,,1776415752,251148,0,4,CN,0,False,False,0,,60442,745,5111,5763,0,0,0,2026-04-27 15:12:40.240233,7629647541226753295,2575488305595082
7629661151560204276,,7629661151560204276,7629661151560204276,https://www.douyin.com/video/7629661151560204276,,南京美食分享-科巷篇｜你们还想看哪里请告诉我！#日常vlog #美食 #南京美食 #南京旅游攻略,南京美食分享-科巷篇｜你们还想看哪里请告诉我！#日常vlog #美食 #南京美食 #南京旅游攻略,,,1776418917,251239,0,4,CN,0,False,False,0,,5302,251,1900,1304,0,0,0,2026-04-27 15:12:49.401678,7629661151560204276,95824239857
7629672736956108072,,7629672736956108072,7629672736956108072,https://www.douyin.com/video/7629672736956108072,,#地狱客栈 #美漫 #阿拉斯托,#地狱客栈 #美漫 #阿拉斯托,,,1776421622,214182,0,4,CN,0,False,False,0,,11464,71,338,5456,0,0,0,2026-04-27 15:13:06.974684,7629672736956108072,2197304320986480
7629694390683962624,,7629694390683962624,7629694390683962624,https://www.douyin.com/video/7629694390683962624,,#鬼灭之刃 #动漫解说 #堕姬 #动漫推荐 #二次元,#鬼灭之刃 #动漫解说 #堕姬 #动漫推荐 #二次元,,,1776427561,237800,0,4,CN,0,False,False,0,,37096,434,1128,12761,0,0,0,2026-04-27 15:13:15.117251,7629694390683962624,86728097704
7629701737275998309,,7629701737275998309,7629701737275998309,https://www.douyin.com/video/7629701737275998309,,这顿饭清爽又舒服！#美食vlog #吃货日常 #厨房日记 #婚后生活,这顿饭清爽又舒服！#美食vlog #吃货日常 #厨房日记 #婚后生活,,,1776428366,107734,0,4,CN,0,False,False,0,,26566,365,15186,3878,0,0,0,2026-04-27 15:13:23.220945,7629701737275998309,3249810519359780
7629710513185869107,,7629710513185869107,7629710513185869107,https://www.douyin.com/video/7629710513185869107,,#甄嬛传十级观众 #万字精讲,#甄嬛传十级观众 #万字精讲,,,1776430418,1678,0,4,CN,0,False,False,0,,115617,2393,9280,11368,0,0,0,2026-04-27 15:13:31.547925,7629710513185869107,471035583937214
7629801442697903802,,7629801442697903802,7629801442697903802,https://www.douyin.com/video/7629801442697903802,,当你穿进老钱班22#侯绿萝#老钱班#舒肤佳国风沐浴露 #舒肤佳海棠知否,当你穿进老钱班22#侯绿萝#老钱班#舒肤佳国风沐浴露 #舒肤佳海棠知否,,,1776485231,200967,0,4,CN,0,False,False,0,,1681414,7584,174348,124238,0,0,0,2026-04-27 15:13:38.763052,7629801442697903802,1204672132025055
7630024688740102137,,7630024688740102137,7630024688740102137,https://www.douyin.com/video/7630024688740102137,,酱酱香香的八爪鱼拼盘#八爪鱼 #美食 #夜宵吃什么 #鱿鱼,酱酱香香的八爪鱼拼盘#八爪鱼 #美食 #夜宵吃什么 #鱿鱼,,,1776503559,168715,0,4,CN,0,False,False,0,,39040,397,13649,2621,0,0,0,2026-04-27 15:13:43.197795,7630024688740102137,3989478267953712
7630026128996706225,,7630026128996706225,7630026128996706225,https://www.douyin.com/video/7630026128996706225,,"《弹幕娇黛》 第一集
#原创动画#悬疑脑洞#细思极恐#求生","《弹幕娇黛》 第一集
#原创动画#悬疑脑洞#细思极恐#求生",,,1776598200,228483,0,4,CN,0,False,False,0,,26381,255,4328,8822,0,0,0,2026-04-27 15:13:49.362819,7630026128996706225,1767610254885699
7630028593015346377,,7630028593015346377,7630028593015346377,https://www.douyin.com/video/7630028593015346377,,#剧情,#剧情,,,1776504469,417,0,4,CN,0,False,False,0,,416121,6198,32359,49127,0,0,0,2026-04-27 15:13:54.520762,7630028593015346377,71162148528
7630056950717222159,,7630056950717222159,7630056950717222159,https://www.douyin.com/video/7630056950717222159,,#斗破苍穹,#斗破苍穹,,,1776511080,253075,0,4,CN,0,False,False,0,,1452,78,63,130,0,0,0,2026-04-27 15:14:01.230688,7630056950717222159,1016361991801070
7630085171941900456,,7630085171941900456,7630085171941900456,https://www.douyin.com/video/7630085171941900456,,#青年创作者成长计划 #炸猪排 #厚切猪排 #好吃到停不下来 #猪肉脆皮,#青年创作者成长计划 #炸猪排 #厚切猪排 #好吃到停不下来 #猪肉脆皮,,,1776517643,149934,0,4,CN,0,False,False,0,,9392,151,1257,1157,0,0,0,2026-04-27 15:14:13.756529,7630085171941900456,102135554534
7630096638253616435,,7630096638253616435,7630096638253616435,https://www.douyin.com/video/7630096638253616435,,《サルベド漫画》#贞叶 #抖音精选作者福利派送#青年创作者成长计划  #年味的精选,《サルベド漫画》#贞叶 #抖音精选作者福利派送#青年创作者成长计划  #年味的精选,,,1776520329,396,0,4,CN,0,False,False,0,,19937,194,1038,5812,0,0,0,2026-04-27 15:14:20.082468,7630096638253616435,109480953494
7630304849803873574,,7630304849803873574,7630304849803873574,https://www.douyin.com/video/7630304849803873574,,#地狱客栈 #亚当 #莉莉丝 #路西法 #绿帽,#地狱客栈 #亚当 #莉莉丝 #路西法 #绿帽,,,1776568796,195240,0,4,CN,0,False,False,0,,18818,73,322,8067,0,0,0,2026-04-27 15:14:33.220944,7630304849803873574,1218683124070701
7630329911005154595,,7630329911005154595,7630329911005154595,https://www.douyin.com/video/7630329911005154595,,##凹凸世界 #派厄斯 #凹凸世界派厄斯 #青年创作者成长计划 #动漫进阶训练营,##凹凸世界 #派厄斯 #凹凸世界派厄斯 #青年创作者成长计划 #动漫进阶训练营,,,1776574632,264917,0,4,CN,0,False,False,0,,3913,104,193,1493,0,0,0,2026-04-27 15:14:40.598495,7630329911005154595,3848732669384151
7630333079898361128,,7630333079898361128,7630333079898361128,https://www.douyin.com/video/7630333079898361128,,#薛珍麒 #吴振宇 #独牙 #九球 #台球深度复盘,#薛珍麒 #吴振宇 #独牙 #九球 #台球深度复盘,,,1776575371,854,0,4,CN,0,False,False,0,,48979,348,4296,2305,0,0,0,2026-04-27 15:14:50.268226,7630333079898361128,7607340506407093285
7630742038295629108,,7630742038295629108,7630742038295629108,https://www.douyin.com/video/7630742038295629108,,我不是戏神年番正式公布！#国漫推荐 #我不是戏神 #我不是戏神动画 #桃厂动漫IP和制作给到夯,我不是戏神年番正式公布！#国漫推荐 #我不是戏神 #我不是戏神动画 #桃厂动漫IP和制作给到夯,,,1776670585,250567,0,4,CN,0,False,False,0,,2822,861,1556,316,0,0,0,2026-04-27 15:14:57.049509,7630742038295629108,2578793671699738
7630746470311922984,,7630746470311922984,7630746470311922984,https://www.douyin.com/video/7630746470311922984,,甚尔在失去妻子之前一定很幸福吧！#咒术回战 #伏黑甚尔 #动漫编年史 #我在抖音看动漫 #伏黑惠,甚尔在失去妻子之前一定很幸福吧！#咒术回战 #伏黑甚尔 #动漫编年史 #我在抖音看动漫 #伏黑惠,,,1776671619,194816,0,4,CN,0,False,False,0,,2659,23,87,242,0,0,0,2026-04-27 15:15:05.196921,7630746470311922984,4003754445949388
7630750215242610875,,7630750215242610875,7630750215242610875,https://www.douyin.com/video/7630750215242610875,,{},{},,,1776781908,348000,0,4,CN,0,False,False,0,,8,392,8852,4299,0,0,0,2026-04-27 15:15:15.550102,7630750215242610875,63701013892
