video_id,hashtag_id,hashtag_name,hashtag_type,is_commerce,caption_start,caption_end,start,end,crawl_time
7624873382114282803,7104780968985568584,深度解析,1,False,-1,-1,0,1,2026-04-27 15:03:29.419272
7624873382114282803,7104598714217158146,许我耀眼,1,False,-1,-1,1,2,2026-04-27 15:03:29.419272
7624873382114282803,7108762426660558259,赵露思,1,False,-1,-1,2,3,2026-04-27 15:03:29.419272
7624873382114282803,7100832297117456051,青年创作者成长计划,1,False,-1,-1,3,4,2026-04-27 15:03:29.419272
7625140333864586559,7104226690902358355,沪漂生活,1,False,-1,-1,0,1,2026-04-27 15:03:44.201186
7625140333864586559,7102848308748896938,打工人日常,1,False,-1,-1,1,2,2026-04-27 15:03:44.201186
7625140333864586559,7106579725630720648,山姆超市,1,False,-1,-1,2,3,2026-04-27 15:03:44.201186
7625140333864586559,7101946228440479791,出租屋美食,1,False,-1,-1,3,4,2026-04-27 15:03:44.201186
7625140333864586559,7108784609541150753,打工人的小幸福,1,False,-1,-1,4,5,2026-04-27 15:03:44.201186
7625266759122124394,7108282308502720097,露营车,1,False,-1,-1,0,1,2026-04-27 15:03:50.675791
7625266759122124394,7109701423278303651,床车,1,False,-1,-1,1,2,2026-04-27 15:03:50.675791
7625266759122124394,7101398125166069224,露营神车,1,False,-1,-1,2,3,2026-04-27 15:03:50.675791
7625266759122124394,7100794517625300944,雨天露营,1,False,-1,-1,3,4,2026-04-27 15:03:50.675791
7625382302234791183,7108386528095011807,史前生物,1,False,-1,-1,0,1,2026-04-27 15:03:59.209786
7625382302234791183,7105252026880041820,古生物,1,False,-1,-1,1,2,2026-04-27 15:03:59.209786
7625382302234791183,7102477222200974475,生物科普知识,1,False,-1,-1,2,3,2026-04-27 15:03:59.209786
7625382302234791183,7101020789296787572,菊石,1,False,-1,-1,3,4,2026-04-27 15:03:59.209786
7625382302234791183,7103171265216097818,邓氏鱼,1,False,-1,-1,4,5,2026-04-27 15:03:59.209786
7625531481825330537,7104825994222469349,vlog,1,False,-1,-1,0,1,2026-04-27 15:04:16.156054
7625546845988749440,7102552611713663080,这一碗好过瘾,1,False,-1,-1,0,1,2026-04-27 15:04:23.509657
7625546845988749440,7106041897060461520,曹氏鸭脖,1,False,-1,-1,1,2,2026-04-27 15:04:23.509657
7625929057691078053,7106337886934283859,让世界看到中国的美,1,False,-1,-1,0,1,2026-04-27 15:04:28.233944
7625983892776400448,7101307801652350784,大邑,1,False,-1,-1,0,1,2026-04-27 15:04:51.188564
7625983892776400448,7102902302464841518,成都周边游,1,False,-1,-1,1,2,2026-04-27 15:04:51.188564
7625983892776400448,7100832297117456051,青年创作者成长计划,1,False,-1,-1,2,3,2026-04-27 15:04:51.188564
7625983892776400448,7100543417287338032,药师岩,1,False,-1,-1,3,4,2026-04-27 15:04:51.188564
7625983892776400448,7103354082162405012,新场古镇,1,False,-1,-1,4,5,2026-04-27 15:04:51.188564
7626039783856311604,7103408173696252821,mrbeast,1,False,-1,-1,0,1,2026-04-27 15:04:57.781611
7626039783856311604,7101547638172632299,野兽先生,1,False,-1,-1,1,2,2026-04-27 15:04:57.781611
7626039783856311604,7108076459100009630,野兽游戏,1,False,-1,-1,2,3,2026-04-27 15:04:57.781611
7626119147679665427,7102972661225908504,新番推荐,1,False,-1,-1,0,1,2026-04-27 15:05:05.872896
7626119147679665427,7109872858047797239,转生成为勇者的肋骨,1,False,-1,-1,1,2,2026-04-27 15:05:05.872896
7626232419351317796,7100832297117456051,青年创作者成长计划,1,False,-1,-1,0,1,2026-04-27 15:05:12.056840
7626232419351317796,7101210694038438054,交换世界计划,1,False,-1,-1,1,2,2026-04-27 15:05:12.056840
7626232419351317796,7105088742382212340,环球旅行,1,False,-1,-1,2,3,2026-04-27 15:05:12.056840
7626232419351317796,7101255481989719206,勇闯东南亚,1,False,-1,-1,3,4,2026-04-27 15:05:12.056840
7626232419351317796,7101546246175183164,越南,1,False,-1,-1,4,5,2026-04-27 15:05:12.056840
7626285740250418473,7100832297117456051,青年创作者成长计划,1,False,-1,-1,0,1,2026-04-27 15:05:23.124440
7626285740250418473,7101451162153748499,肯德基,1,False,-1,-1,1,2,2026-04-27 15:05:23.124440
7626285740250418473,7100941270073759909,嫩牛五方,1,False,-1,-1,2,3,2026-04-27 15:05:23.124440
7626285740250418473,7105879979992409345,雪顶咖啡,1,False,-1,-1,3,4,2026-04-27 15:05:23.124440
7626285740250418473,7102823699515605991,涨知识,1,False,-1,-1,4,5,2026-04-27 15:05:23.124440
7626294890775145403,7105967462474704792,爱吃食物的女孩子,1,False,-1,-1,0,1,2026-04-27 15:05:32.681175
7626294890775145403,7105096462868988660,创作者中心,1,False,-1,-1,1,2,2026-04-27 15:05:32.681175
7626294890775145403,7109567697591712671,创作灵感,1,False,-1,-1,2,3,2026-04-27 15:05:32.681175
7626294890775145403,7104145540971010139,自助餐,1,False,-1,-1,3,4,2026-04-27 15:05:32.681175
7626294890775145403,7101004358674798596,三文鱼,1,False,-1,-1,4,5,2026-04-27 15:05:32.681175
7626305366351007011,7108233592680433414,甄嬛传,1,False,-1,-1,0,1,2026-04-27 15:05:37.339711
7626305366351007011,7100832297117456051,青年创作者成长计划,1,False,-1,-1,1,2,2026-04-27 15:05:37.339711
7626584955816021274,7107623259903217389,韩剧,1,False,-1,-1,0,1,2026-04-27 15:06:07.436596
7626584955816021274,7108146964682853127,惊悚,1,False,-1,-1,1,2,2026-04-27 15:06:07.436596
7626584955816021274,7108440745560226426,新片速递,1,False,-1,-1,2,3,2026-04-27 15:06:07.436596
7626584955816021274,7103430459139060384,了不起的精讲团,1,False,-1,-1,3,4,2026-04-27 15:06:07.436596
7626584955816021274,7100832297117456051,青年创作者成长计划,1,False,-1,-1,4,5,2026-04-27 15:06:07.436596
7626684177663986971,7101772898861159857,科比,1,False,-1,-1,0,1,2026-04-27 15:06:14.274431
7626684177663986971,7103387408904400860,詹姆斯,1,False,-1,-1,1,2,2026-04-27 15:06:14.274431
7626684177663986971,7103974765378317361,安东尼,1,False,-1,-1,2,3,2026-04-27 15:06:14.274431
7626684177663986971,7101095401351113465,美国男篮,1,False,-1,-1,3,4,2026-04-27 15:06:14.274431
7626700596619348401,7108357659363812413,海岛旅行,1,False,-1,-1,0,1,2026-04-27 15:06:18.899887
7626700596619348401,7108371184612581200,马尔代夫,1,False,-1,-1,1,2,2026-04-27 15:06:18.899887
7626700596619348401,7102957724191963183,图杜岛,1,False,-1,-1,2,3,2026-04-27 15:06:18.899887
7627061029150805302,7105050067266226611,大江大河,1,False,-1,-1,0,1,2026-04-27 15:06:25.822427
7627061029150805302,7108003280665787404,好剧推荐,1,False,-1,-1,1,2,2026-04-27 15:06:25.822427
7627071685094657299,7105664603256200943,L,1,False,-1,-1,0,1,2026-04-27 15:06:32.656854
7627071685094657299,7103973884792238708,夜神月,1,False,-1,-1,1,2,2026-04-27 15:06:32.656854
7627071685094657299,7109813388387451579,动漫编年史,1,False,-1,-1,2,3,2026-04-27 15:06:32.656854
7627071685094657299,7105430471486571791,二次元,1,False,-1,-1,3,4,2026-04-27 15:06:32.656854
7627097855253089579,7106788732456488747,喜羊羊与灰太狼,1,False,-1,-1,0,1,2026-04-27 15:06:42.052120
7627097855253089579,7106372735159623288,美羊羊,1,False,-1,-1,1,2,2026-04-27 15:06:42.052120
7627097855253089579,7101833103809885397,黑化,1,False,-1,-1,2,3,2026-04-27 15:06:42.052120
7627097855253089579,7102582810779280898,反派,1,False,-1,-1,3,4,2026-04-27 15:06:42.052120
7627097855253089579,7105430471486571791,二次元,1,False,-1,-1,4,5,2026-04-27 15:06:42.052120
7627138316899056603,7106223675183954634,cos假发,1,False,-1,-1,0,1,2026-04-27 15:06:52.655516
7627138316899056603,7106284455842232888,毛娘,1,False,-1,-1,1,2,2026-04-27 15:06:52.655516
7627138316899056603,7100774242286296179,黑执事,1,False,-1,-1,2,3,2026-04-27 15:06:52.655516
7627138316899056603,7103392759810342271,夏尔,1,False,-1,-1,3,4,2026-04-27 15:06:52.655516
7627138316899056603,7109659745974202375,波酱,1,False,-1,-1,4,5,2026-04-27 15:06:52.655516
7627193816662936883,7104187840664592179,动漫美食复刻,1,False,-1,-1,0,1,2026-04-27 15:07:02.753111
7627193816662936883,7109292525700911703,鬼灭之刃,1,False,-1,-1,1,2,2026-04-27 15:07:02.753111
7627193816662936883,7107170285864721118,樱饼,1,False,-1,-1,2,3,2026-04-27 15:07:02.753111
7627193816662936883,7107280623389084065,甘露寺蜜璃,1,False,-1,-1,3,4,2026-04-27 15:07:02.753111
7627193816662936883,7107135318835088205,和果子,1,False,-1,-1,4,5,2026-04-27 15:07:02.753111
7627338394946784563,7109306720563165119,山坑螺,1,False,-1,-1,0,1,2026-04-27 15:07:22.385289
7627338394946784563,7105066119195040026,新农人计划2026,1,False,-1,-1,1,2,2026-04-27 15:07:22.385289
7627338394946784563,7105537005617504716,乡村守护人,1,False,-1,-1,2,3,2026-04-27 15:07:22.385289
7627416174665452806,7108584665075021500,我在抖音看动漫,1,False,-1,-1,0,1,2026-04-27 15:07:42.802850
7627416174665452806,7109813388387451579,动漫编年史,1,False,-1,-1,1,2,2026-04-27 15:07:42.802850
7627416174665452806,7103819734199805087,火影忍者手游,1,False,-1,-1,2,3,2026-04-27 15:07:42.802850
7627416174665452806,7103095167159664955,带土,1,False,-1,-1,3,4,2026-04-27 15:07:42.802850
7627416174665452806,7105430471486571791,二次元,1,False,-1,-1,4,5,2026-04-27 15:07:42.802850
7627417139495256057,7101938589464058515,腾冲,1,False,-1,-1,0,1,2026-04-27 15:07:50.364153
7627417139495256057,7108558588914069112,腾冲美食,1,False,-1,-1,1,2,2026-04-27 15:07:50.364153
7627417139495256057,7104825490962861431,腾冲旅行,1,False,-1,-1,2,3,2026-04-27 15:07:50.364153
7627417139495256057,7108098605891592198,旅行,1,False,-1,-1,3,4,2026-04-27 15:07:50.364153
7627417139495256057,7109871740744847894,vlog日常,1,False,-1,-1,4,5,2026-04-27 15:07:50.364153
7627431605422901425,7102729651110948102,赶大集,1,False,-1,-1,0,1,2026-04-27 15:07:57.016408
7627431605422901425,7101023963142974676,胡辣汤,1,False,-1,-1,1,2,2026-04-27 15:07:57.016408
7627431605422901425,7109871740744847894,vlog日常,1,False,-1,-1,2,3,2026-04-27 15:07:57.016408
7627431605422901425,7103540767873975792,vlog美食记,1,False,-1,-1,3,4,2026-04-27 15:07:57.016408
7627441271367290164,7108554155293421336,轮回眼佐助,1,False,-1,-1,0,1,2026-04-27 15:08:06.412546
7627441271367290164,7102381370203972819,轮回眼,1,False,-1,-1,1,2,2026-04-27 15:08:06.412546
7627441271367290164,7107326689381441765,火影忍者,1,False,-1,-1,2,3,2026-04-27 15:08:06.412546
7627472380595910747,7108013738459848647,雨中露营,1,False,-1,-1,0,1,2026-04-27 15:08:13.955195
7627472380595910747,7101965853942514620,野外露营,1,False,-1,-1,1,2,2026-04-27 15:08:13.955195
7627472380595910747,7105043606593316749,户外露营,1,False,-1,-1,2,3,2026-04-27 15:08:13.955195
7627472380595910747,7106382874483545047,助眠,1,False,-1,-1,3,4,2026-04-27 15:08:13.955195
7627472699962576166,7109736917852516870,动漫,1,False,-1,-1,0,1,2026-04-27 15:08:26.859788
7627472699962576166,7103973884792238708,夜神月,1,False,-1,-1,1,2,2026-04-27 15:08:26.859788
7627472699962576166,7105664603256200943,L,1,False,-1,-1,2,3,2026-04-27 15:08:26.859788
7627472699962576166,7105646825589177116,神作,1,False,-1,-1,3,4,2026-04-27 15:08:26.859788
7627693001658504421,7101595941049703405,第五人格,1,False,-1,-1,0,1,2026-04-27 15:08:36.990633
7627693001658504421,7106525629502040164,小六呀,1,False,-1,-1,1,2,2026-04-27 15:08:36.990633
7627693001658504421,7105073137085770213,交代流,1,False,-1,-1,2,3,2026-04-27 15:08:36.990633
7627771722061696308,7108162471417058893,iu,1,False,-1,-1,0,1,2026-04-27 15:08:39.101759
7627771722061696308,7103844641018579906,边佑锡,1,False,-1,-1,1,2,2026-04-27 15:08:39.101759
7627771722061696308,7104806481849512252,韩剧推荐,1,False,-1,-1,2,3,2026-04-27 15:08:39.101759
7627771722061696308,7108541663541726411,新剧来袭,1,False,-1,-1,3,4,2026-04-27 15:08:39.101759
7627771722061696308,7103257845925377592,抖音午夜放映厅,1,False,-1,-1,4,5,2026-04-27 15:08:39.101759
7627790321199705009,7104274597365956788,三角洲,1,False,-1,-1,0,1,2026-04-27 15:08:41.938636
7627790321199705009,7106210788466455289,三角洲行动,1,False,-1,-1,1,2,2026-04-27 15:08:41.938636
7627790321199705009,7105306802868538413,娱乐,1,False,-1,-1,2,3,2026-04-27 15:08:41.938636
7627790321199705009,7102722210418622863,搞笑,1,False,-1,-1,3,4,2026-04-27 15:08:41.938636
7627790321199705009,7100220747330543979,游戏日常,1,False,-1,-1,4,5,2026-04-27 15:08:41.938636
7627792713907195190,7101636075333521389,香港恐怖片,1,False,-1,-1,0,1,2026-04-27 15:08:49.841221
7627792713907195190,7106390433148702388,恐怖片,1,False,-1,-1,1,2,2026-04-27 15:08:49.841221
7627792713907195190,7103257845925377592,抖音午夜放映厅,1,False,-1,-1,2,3,2026-04-27 15:08:49.841221
7627792713907195190,7103430459139060384,了不起的精讲团,1,False,-1,-1,3,4,2026-04-27 15:08:49.841221
7627796121867341075,7100455914540581717,国外视频分享,1,False,-1,-1,0,1,2026-04-27 15:08:58.503082
7627796121867341075,7104642810205615838,老外真会玩,1,False,-1,-1,1,2,2026-04-27 15:08:58.503082
7627796121867341075,7106109947864576055,奇葩挑战,1,False,-1,-1,2,3,2026-04-27 15:08:58.503082
7627886327517711651,7103706814933728371,周润发,1,False,-1,-1,0,1,2026-04-27 15:09:23.796308
7627886327517711651,7107716306246409823,喜剧,1,False,-1,-1,1,2,2026-04-27 15:09:23.796308
7627886327517711651,7102786109240562987,经典港片,1,False,-1,-1,2,3,2026-04-27 15:09:23.796308
7627886327517711651,7105639800334474776,一剪到底,1,False,-1,-1,3,4,2026-04-27 15:09:23.796308
7627886327517711651,7103430459139060384,了不起的精讲团,1,False,-1,-1,4,5,2026-04-27 15:09:23.796308
7628060646696815926,7103819734199805087,火影忍者手游,1,False,-1,-1,0,1,2026-04-27 15:09:31.671785
7628060646696815926,7107326689381441765,火影忍者,1,False,-1,-1,1,2,2026-04-27 15:09:31.671785
7628060646696815926,7109787150131813146,神驹斑,1,False,-1,-1,2,3,2026-04-27 15:09:31.671785
7628060646696815926,7100904212286098901,盘点,1,False,-1,-1,3,4,2026-04-27 15:09:31.671785
7628060646696815926,7104991706186857510,抖音二创激励计划,1,False,-1,-1,4,5,2026-04-27 15:09:31.671785
7628110680549705189,7108918376581661195,游戏怪谈,1,False,-1,-1,0,1,2026-04-27 15:09:36.588829
7628110680549705189,7108671394055753913,游戏解说,1,False,-1,-1,1,2,2026-04-27 15:09:36.588829
7628110680549705189,7105074593032562639,steam游戏,1,False,-1,-1,2,3,2026-04-27 15:09:36.588829
7628127330842662905,7102393492948523557,游牧生活,1,False,-1,-1,0,1,2026-04-27 15:09:43.169531
7628127330842662905,7109803415553132673,荒野求生,1,False,-1,-1,1,2,2026-04-27 15:09:43.169531
7628127330842662905,7100092453597593136,野外生存,1,False,-1,-1,2,3,2026-04-27 15:09:43.169531
7628127330842662905,7101111624504979459,生存,1,False,-1,-1,3,4,2026-04-27 15:09:43.169531
7628127330842662905,7106425863383687691,大山深处自然美山清水秀好风光,1,False,-1,-1,4,5,2026-04-27 15:09:43.169531
7628207227194723611,7100975218942052272,夜市,1,False,-1,-1,0,1,2026-04-27 15:10:03.894511
7628207227194723611,7102887547566395934,人间烟火,1,False,-1,-1,1,2,2026-04-27 15:10:03.894511
7628207227194723611,7104683373279808668,心动打卡指南,1,False,-1,-1,2,3,2026-04-27 15:10:03.894511
7628207227194723611,7105081951654512002,好好吃饭,1,False,-1,-1,3,4,2026-04-27 15:10:03.894511
7628553852249267967,7109719627527298037,美团外卖40元神券是谁在领,1,False,-1,-1,0,1,2026-04-27 15:10:35.827864
7628553852249267967,7100082883871405008,原来美团40元神券要这样领,1,False,-1,-1,1,2,2026-04-27 15:10:35.827864
7628558364116651304,7102979305780462582,地狱客栈,1,False,-1,-1,0,1,2026-04-27 15:10:46.536612
7628558364116651304,7103602525092521547,阿拉斯托,1,False,-1,-1,1,2,2026-04-27 15:10:46.536612
7628558364116651304,7105685059821718694,动漫解说,1,False,-1,-1,2,3,2026-04-27 15:10:46.536612
7628558364116651304,7100488492649272356,沃克斯,1,False,-1,-1,3,4,2026-04-27 15:10:46.536612
7628593328451226926,7100356228020126989,台州,1,False,-1,-1,0,1,2026-04-27 15:10:51.524900
7628593328451226926,7104094378734399578,台州旅游,1,False,-1,-1,1,2,2026-04-27 15:10:51.524900
7628593328451226926,7100605076753408876,糯叽叽,1,False,-1,-1,2,3,2026-04-27 15:10:51.524900
7628593328451226926,7108341618188228893,浙江旅游,1,False,-1,-1,3,4,2026-04-27 15:10:51.524900
7628593328451226926,7107688973932516393,江浙沪周边游,1,False,-1,-1,4,5,2026-04-27 15:10:51.524900
7628628390169414921,7102401242407571018,犯罪,1,False,-1,-1,0,1,2026-04-27 15:10:53.784309
7628628390169414921,7101707863459778431,悬疑,1,False,-1,-1,1,2,2026-04-27 15:10:53.784309
7628906864238939392,7103490890721382522,国外生活,1,False,-1,-1,0,1,2026-04-27 15:11:05.249991
7628906864238939392,7104660150285332109,外国小姐姐,1,False,-1,-1,1,2,2026-04-27 15:11:05.249991
7628906864238939392,7106104750723314752,记录生活,1,False,-1,-1,2,3,2026-04-27 15:11:05.249991
7628944573020130579,7105236057903051600,人间观察计划,1,False,-1,-1,0,1,2026-04-27 15:11:23.702024
7628944573020130579,7102662307443950435,在拍一种很新的vlog,1,False,-1,-1,1,2,2026-04-27 15:11:23.702024
7629275610287795121,7100111909188814768,香港,1,False,-1,-1,0,1,2026-04-27 15:11:53.477623
7629275610287795121,7105202208997168864,香港美食,1,False,-1,-1,1,2,2026-04-27 15:11:53.477623
7629275610287795121,7108489150775649858,海鲜,1,False,-1,-1,2,3,2026-04-27 15:11:53.477623
7629275610287795121,7102131991026748269,谁懂这一口的好吃程度,1,False,-1,-1,3,4,2026-04-27 15:11:53.477623
7629275610287795121,7104683373279808668,心动打卡指南,1,False,-1,-1,4,5,2026-04-27 15:11:53.477623
7629284843255237914,7105296421916304400,抖音精选,1,False,-1,-1,0,1,2026-04-27 15:12:03.807644
7629284843255237914,7102461473012416105,冬阴功,1,False,-1,-1,1,2,2026-04-27 15:12:03.807644
7629284843255237914,7109106555892742519,泰国美食,1,False,-1,-1,2,3,2026-04-27 15:12:03.807644
7629284843255237914,7101951256806573523,妈呀太香了,1,False,-1,-1,3,4,2026-04-27 15:12:03.807644
7629284843255237914,7104685843238728833,美食推荐,1,False,-1,-1,4,5,2026-04-27 15:12:03.807644
7629325567690794995,7106761364729611616,冰山熔岩巴斯克,1,False,-1,-1,0,1,2026-04-27 15:12:14.072011
7629325567690794995,7100515399724827759,巧克力控,1,False,-1,-1,1,2,2026-04-27 15:12:14.072011
7629325567690794995,7105519331537057486,甜品治愈一切,1,False,-1,-1,2,3,2026-04-27 15:12:14.072011
7629325567690794995,7101867656143109506,烘焙日常,1,False,-1,-1,3,4,2026-04-27 15:12:14.072011
7629325567690794995,7108914462164790771,下午茶打卡,1,False,-1,-1,4,5,2026-04-27 15:12:14.072011
7629362643128150449,7102657400161708968,美食,1,False,-1,-1,0,1,2026-04-27 15:12:25.993580
7629362643128150449,7107581725700457969,夜宵,1,False,-1,-1,1,2,2026-04-27 15:12:25.993580
7629362643128150449,7108338760986538914,数10挑战,1,False,-1,-1,2,3,2026-04-27 15:12:25.993580
7629362643128150449,7109086817739143003,美食创作人计划,1,False,-1,-1,3,4,2026-04-27 15:12:25.993580
7629560213787413800,7104624948732429844,僵尸叔叔,1,False,-1,-1,0,1,2026-04-27 15:12:33.286836
7629560213787413800,7106864784692113509,我的观影报告,1,False,-1,-1,1,2,2026-04-27 15:12:33.286836
7629560213787413800,7108003280665787404,好剧推荐,1,False,-1,-1,2,3,2026-04-27 15:12:33.286836
7629560213787413800,7102786109240562987,经典港片,1,False,-1,-1,3,4,2026-04-27 15:12:33.286836
7629560213787413800,7106249124710864429,热门,1,False,-1,-1,4,5,2026-04-27 15:12:33.286836
7629647541226753295,7105430471486571791,二次元,1,False,-1,-1,0,1,2026-04-27 15:12:40.240233
7629647541226753295,7105685059821718694,动漫解说,1,False,-1,-1,1,2,2026-04-27 15:12:40.240233
7629647541226753295,7102791634026753527,咒术回战,1,False,-1,-1,2,3,2026-04-27 15:12:40.240233
7629647541226753295,7107562070309432208,五条悟,1,False,-1,-1,3,4,2026-04-27 15:12:40.240233
7629647541226753295,7104469793142187583,漫画解说,1,False,-1,-1,4,5,2026-04-27 15:12:40.240233
7629661151560204276,7102924892595714633,日常vlog,1,False,-1,-1,0,1,2026-04-27 15:12:49.401678
7629661151560204276,7102657400161708968,美食,1,False,-1,-1,1,2,2026-04-27 15:12:49.401678
7629661151560204276,7103824437863633094,南京美食,1,False,-1,-1,2,3,2026-04-27 15:12:49.401678
7629661151560204276,7100434673285997458,南京旅游攻略,1,False,-1,-1,3,4,2026-04-27 15:12:49.401678
7629672736956108072,7102979305780462582,地狱客栈,1,False,-1,-1,0,1,2026-04-27 15:13:06.974684
7629672736956108072,7104332144641840521,美漫,1,False,-1,-1,1,2,2026-04-27 15:13:06.974684
7629672736956108072,7103602525092521547,阿拉斯托,1,False,-1,-1,2,3,2026-04-27 15:13:06.974684
7629694390683962624,7109292525700911703,鬼灭之刃,1,False,-1,-1,0,1,2026-04-27 15:13:15.117251
7629694390683962624,7105685059821718694,动漫解说,1,False,-1,-1,1,2,2026-04-27 15:13:15.117251
7629694390683962624,7103303864895960817,堕姬,1,False,-1,-1,2,3,2026-04-27 15:13:15.117251
7629694390683962624,7101936125861600974,动漫推荐,1,False,-1,-1,3,4,2026-04-27 15:13:15.117251
7629694390683962624,7105430471486571791,二次元,1,False,-1,-1,4,5,2026-04-27 15:13:15.117251
7629701737275998309,7108564896430973904,美食vlog,1,False,-1,-1,0,1,2026-04-27 15:13:23.220945
7629701737275998309,7106048719097497953,吃货日常,1,False,-1,-1,1,2,2026-04-27 15:13:23.220945
7629701737275998309,7108189429801042473,厨房日记,1,False,-1,-1,2,3,2026-04-27 15:13:23.220945
7629701737275998309,7102806871315077081,婚后生活,1,False,-1,-1,3,4,2026-04-27 15:13:23.220945
7629710513185869107,7101728210369004263,甄嬛传十级观众,1,False,-1,-1,0,1,2026-04-27 15:13:31.547925
7629710513185869107,7104443804605812534,万字精讲,1,False,-1,-1,1,2,2026-04-27 15:13:31.547925
7629801442697903802,7104764840904758460,侯绿萝,1,False,-1,-1,0,1,2026-04-27 15:13:38.763052
7629801442697903802,7105258689349142071,老钱班,1,False,-1,-1,1,2,2026-04-27 15:13:38.763052
7629801442697903802,7102621830050052358,舒肤佳国风沐浴露,1,False,-1,-1,2,3,2026-04-27 15:13:38.763052
7629801442697903802,7101588385958047702,舒肤佳海棠知否,1,False,-1,-1,3,4,2026-04-27 15:13:38.763052
7630024688740102137,7101612190627279229,八爪鱼,1,False,-1,-1,0,1,2026-04-27 15:13:43.197795
7630024688740102137,7102657400161708968,美食,1,False,-1,-1,1,2,2026-04-27 15:13:43.197795
7630024688740102137,7101487329758761907,夜宵吃什么,1,False,-1,-1,2,3,2026-04-27 15:13:43.197795
7630024688740102137,7100706229879446901,鱿鱼,1,False,-1,-1,3,4,2026-04-27 15:13:43.197795
7630026128996706225,7104108233397334974,原创动画,1,False,-1,-1,0,1,2026-04-27 15:13:49.362819
7630026128996706225,7102824916860801131,悬疑脑洞,1,False,-1,-1,1,2,2026-04-27 15:13:49.362819
7630026128996706225,7105644244915257918,细思极恐,1,False,-1,-1,2,3,2026-04-27 15:13:49.362819
7630026128996706225,7104855603667910824,求生,1,False,-1,-1,3,4,2026-04-27 15:13:49.362819
7630028593015346377,7108512901380783755,剧情,1,False,-1,-1,0,1,2026-04-27 15:13:54.520762
7630056950717222159,7108950450263159464,斗破苍穹,1,False,-1,-1,0,1,2026-04-27 15:14:01.230688
7630085171941900456,7100832297117456051,青年创作者成长计划,1,False,-1,-1,0,1,2026-04-27 15:14:13.756529
7630085171941900456,7107659539692538683,炸猪排,1,False,-1,-1,1,2,2026-04-27 15:14:13.756529
7630085171941900456,7109432328946512068,厚切猪排,1,False,-1,-1,2,3,2026-04-27 15:14:13.756529
7630085171941900456,7106491894159903281,好吃到停不下来,1,False,-1,-1,3,4,2026-04-27 15:14:13.756529
7630085171941900456,7109831688598645927,猪肉脆皮,1,False,-1,-1,4,5,2026-04-27 15:14:13.756529
7630096638253616435,7109749777505342935,贞叶,1,False,-1,-1,0,1,2026-04-27 15:14:20.082468
7630096638253616435,7105591562106350207,抖音精选作者福利派送,1,False,-1,-1,1,2,2026-04-27 15:14:20.082468
7630096638253616435,7100832297117456051,青年创作者成长计划,1,False,-1,-1,2,3,2026-04-27 15:14:20.082468
7630096638253616435,7103298902085783007,年味的精选,1,False,-1,-1,3,4,2026-04-27 15:14:20.082468
7630304849803873574,7102979305780462582,地狱客栈,1,False,-1,-1,0,1,2026-04-27 15:14:33.220944
7630304849803873574,7102166254463966376,亚当,1,False,-1,-1,1,2,2026-04-27 15:14:33.220944
7630304849803873574,7103464710812687341,莉莉丝,1,False,-1,-1,2,3,2026-04-27 15:14:33.220944
7630304849803873574,7103006097330954696,路西法,1,False,-1,-1,3,4,2026-04-27 15:14:33.220944
7630304849803873574,7105747383817647202,绿帽,1,False,-1,-1,4,5,2026-04-27 15:14:33.220944
7630329911005154595,7106308640414962055,凹凸世界,1,False,-1,-1,0,1,2026-04-27 15:14:40.598495
7630329911005154595,7103701698227720408,派厄斯,1,False,-1,-1,1,2,2026-04-27 15:14:40.598495
7630329911005154595,7108742966137374196,凹凸世界派厄斯,1,False,-1,-1,2,3,2026-04-27 15:14:40.598495
7630329911005154595,7100832297117456051,青年创作者成长计划,1,False,-1,-1,3,4,2026-04-27 15:14:40.598495
7630329911005154595,7101800309229957553,动漫进阶训练营,1,False,-1,-1,4,5,2026-04-27 15:14:40.598495
7630333079898361128,7104674001171990730,薛珍麒,1,False,-1,-1,0,1,2026-04-27 15:14:50.268226
7630333079898361128,7105819779001781436,吴振宇,1,False,-1,-1,1,2,2026-04-27 15:14:50.268226
7630333079898361128,7100219656874363584,独牙,1,False,-1,-1,2,3,2026-04-27 15:14:50.268226
7630333079898361128,7104977750976494013,九球,1,False,-1,-1,3,4,2026-04-27 15:14:50.268226
7630333079898361128,7102735747941503998,台球深度复盘,1,False,-1,-1,4,5,2026-04-27 15:14:50.268226
7630742038295629108,7103329262091044135,国漫推荐,1,False,-1,-1,0,1,2026-04-27 15:14:57.049509
7630742038295629108,7106690226588919074,我不是戏神,1,False,-1,-1,1,2,2026-04-27 15:14:57.049509
7630742038295629108,7106761995028905656,我不是戏神动画,1,False,-1,-1,2,3,2026-04-27 15:14:57.049509
7630742038295629108,7101255675232229412,桃厂动漫IP和制作给到夯,1,False,-1,-1,3,4,2026-04-27 15:14:57.049509
7630746470311922984,7102791634026753527,咒术回战,1,False,-1,-1,0,1,2026-04-27 15:15:05.196921
7630746470311922984,7106178364764067892,伏黑甚尔,1,False,-1,-1,1,2,2026-04-27 15:15:05.196921
7630746470311922984,7109813388387451579,动漫编年史,1,False,-1,-1,2,3,2026-04-27 15:15:05.196921
7630746470311922984,7108584665075021500,我在抖音看动漫,1,False,-1,-1,3,4,2026-04-27 15:15:05.196921
7630746470311922984,7106421205251333610,伏黑惠,1,False,-1,-1,4,5,2026-04-27 15:15:05.196921
