video_id,page_url,author_id,publish_time_raw,crawl_time,author_follower_count,author_total_favorited,hashtag_count,duration_sec,collect_count,like_count_num,comment_count_num,share_count_num,publish_hour,publish_weekday,is_weekend,days_since_publish,source_entry,match_type,confidence,author_verification_type,desc_text,author_name,hashtag_list,desc_text_length,has_desc_text,has_hashtag
6773901168964798477,https://www.douyin.com/video/6773901168964798477,f14b0c82-e6b2-36d4-f235-c42f6d0e340d,1776771471109,2026-04-21 19:47:09.500828,-1,-1,0,0,0,0,0,0,19,1,0,0,manual_url,exact,high,nan,- 抖音电商直播间带货榜是根据真实数据进行排名的直播间排行榜，希望帮助消费者通过榜单找到正在直播的好商品，让选择更简单。直播间排名越靠前曝光机会越大。,我的,[],75,1,0
6773906068725565448,https://www.douyin.com/video/6773906068725565448,f14b0c82-e6b2-36d4-f235-c42f6d0e340d,1776771471109,2026-04-21 19:47:15.174643,-1,-1,0,0,0,0,0,0,19,1,0,0,manual_url,exact,high,nan,- 抖音电商直播间带货榜是根据真实数据进行排名的直播间排行榜，希望帮助消费者通过榜单找到正在直播的好商品，让选择更简单。直播间排名越靠前曝光机会越大。,我的,[],75,1,0
7597644971830676771,https://www.douyin.com/video/7597644971830676771,105151296160,1769239071,2026-04-21 19:47:17.139930,365281,10301092,0,1657,4668,5788,297,3535,15,5,1,87,manual_url,exact,high,1.0,#暑期影视漫游企划#暑期档情报局#甄嬛传十级观众#甄嬛传解说#原创解说上热门,Amy,[],38,1,0
7597669301147779441,https://www.douyin.com/video/7597669301147779441,60592221635,1769992199,2026-04-21 19:47:22.245359,206201,2376686,0,409,373,18,257,349,8,0,0,78,manual_url,exact,high,1.0,{},狂吃碳水化合物,[],0,0,0
7597707131379148409,https://www.douyin.com/video/7597707131379148409,2852562902715588,1768986583,2026-04-21 19:47:32.740090,4261775,46017383,3,1447,15329,235763,6621,100801,17,2,0,90,manual_url,exact,high,1.0,#妈呀太香了 #唯品会 #唯品会新春特卖,传说中的蕙蕙,"['妈呀太香了', '唯品会', '唯品会新春特卖']",20,1,1
7597740490842925562,https://www.douyin.com/video/7597740490842925562,88305901531,1769038800,2026-04-21 19:47:40.844074,286980,1506114,5,498,2043,10731,252,1075,7,3,0,89,manual_url,exact,high,1.0,有钱真的可以为所欲为吗？这里的筛选机制过于严苛了#逗哥游世界 #韩国夜生活 #首尔夜生活  #首尔旅行 #春节旅行好去处,逗哥游世界,"['逗哥游世界', '韩国夜生活', '首尔夜生活', '首尔旅行', '春节旅行好去处']",60,1,1
7597796630277204197,https://www.douyin.com/video/7597796630277204197,1768448196346648,1768999881,2026-04-21 19:47:46.846701,64689,2286184,3,369,77015,133293,6023,138632,20,2,0,89,manual_url,exact,high,1.0,,七七超正,"['南京美食', '南京', '南京旅游']",0,0,1
7598135403585031466,https://www.douyin.com/video/7598135403585031466,3302530134575383,1769078786,2026-04-21 19:47:54.700490,2611333,11288699,4,271467,53682,132017,4516,15018,18,3,0,89,manual_url,exact,high,1.0,#reaction #吐槽 #精神状态belike #青年创作者成长计划,机智的呆狗,"['reaction', '吐槽', '精神状态belike', '青年创作者成长计划']",36,1,1
7598432512244068709,https://www.douyin.com/video/7598432512244068709,2500724502040912,1769162400,2026-04-21 19:48:11.271994,253282,1473463,5,337339,35441,172318,1579,26530,18,4,0,88,manual_url,exact,high,1.0,"下初雪了❄️大家许愿啦嘛^o^
这周糖醋排骨很成功！特别好吃！大家可以根据这个配方去试试！
本周菜单：
黑松露煎焗鸡
糖醋排骨（超好吃版）
孜然土豆牛肉
番茄炒蛋
#抖音美食创作者 #我的厨房日记 #一周备餐 #自制预制菜 #黑松露酱",泡泡喵喵,"['抖音美食创作者', '我的厨房日记', '一周备餐', '自制预制菜', '黑松露酱']",117,1,1
7598491119055293730,https://www.douyin.com/video/7598491119055293730,2252273971889757,1769161592,2026-04-21 19:48:23.817217,34241,102864,5,489,2569,25956,1524,2863,17,4,0,88,manual_url,exact,high,1.0,#自改房车 #床车旅行 #旅行生活 #诗与远方 #在拍一种很新的vlog,阿祥的自由旅行,"['自改房车', '床车旅行', '旅行生活', '诗与远方', '在拍一种很新的vlog']",36,1,1
7598506324229674981,https://www.douyin.com/video/7598506324229674981,4321521029876668,1769165127,2026-04-21 19:48:29.993772,31185,204740,5,306735,2173,10617,247,3082,18,4,0,88,manual_url,exact,high,1.0,"你们说它是不是想当吃播啦！
#谁懂这个视频对吃货的杀伤力 #创作者中心 #创作灵感 #海鲜 #捞汁小海鲜",周嘻嘻吃海鲜（求关注版💗),"['谁懂这个视频对吃货的杀伤力', '创作者中心', '创作灵感', '海鲜', '捞汁小海鲜']",52,1,1
7598517694299639059,https://www.douyin.com/video/7598517694299639059,3012302539069598,1769167815,2026-04-21 19:48:35.959882,1522550,24286942,5,239654,27025,286919,1933,12024,19,4,0,88,manual_url,exact,high,1.0,#磕糖少女胡里里 #心动 #高甜 #恋爱 #轻漫计划,磕糖少女胡里里,"['磕糖少女胡里里', '心动', '高甜', '恋爱', '轻漫计划']",26,1,1
7598530037893546737,https://www.douyin.com/video/7598530037893546737,62501463839,1769170644,2026-04-21 19:48:44.549418,100442,2087153,5,278567,1473,23350,159,3601,20,4,0,87,manual_url,exact,high,1.0,hhh这面包怎么越吃越多#爱吃食物的女孩子 #一天吃什么 #吃货 #便利店美食 #甜品,萝卜日记X（吃吃减减版,"['爱吃食物的女孩子', '一天吃什么', '吃货', '便利店美食', '甜品']",43,1,1
7598749019711540489,https://www.douyin.com/video/7598749019711540489,4234929081166396,1769221669,2026-04-21 19:48:55.903569,2013804,55028050,5,251984,73840,288824,2791,33445,10,5,1,87,manual_url,exact,high,1.0,#鬼灭 #鬼灭之刃 #动漫杂谈 #动漫 #鬼灭之刃无限城篇 合集 这是合集哈  无刀的！！大概,木叶·铁头娃,"['鬼灭', '鬼灭之刃', '动漫杂谈', '动漫', '鬼灭之刃无限城篇']",47,1,1
7598865050517966131,https://www.douyin.com/video/7598865050517966131,2738197043884676,1769248682,2026-04-21 19:49:06.663928,33234,504666,4,466,5410,12438,98,1427,17,5,1,87,manual_url,exact,high,1.0,昊天清图焚诀之6大对枪技巧，提升90％击杀率！ 全网最细 技巧 思路 微操全解析#三角洲教学 #昊天 #三角洲行动 #三角洲对枪教学,大力王（三角洲最细之人）,"['三角洲教学', '昊天', '三角洲行动', '三角洲对枪教学']",66,1,1
7598878999976185088,https://www.douyin.com/video/7598878999976185088,1887230864657287,1769428800,2026-04-21 19:49:16.619004,657001,8890198,5,315490,85821,110136,4816,119093,20,0,0,84,manual_url,exact,high,1.0,#顺德美食  #顺德鱼生#顺德  #顺德旅游攻略 #抖音美食推荐官,一朵金花,"['顺德美食', '顺德鱼生', '顺德', '顺德旅游攻略', '抖音美食推荐官']",33,1,1
7599215902394977570,https://www.douyin.com/video/7599215902394977570,3057082889674797,1769330396,2026-04-21 19:49:27.361984,122524,1212443,2,478,65231,626096,13175,43002,16,6,1,86,manual_url,exact,high,1.0,#三角洲行动 #青罡,青罡鸽鸽𓅯ˎˊ,"['三角洲行动', '青罡']",10,1,1
7599220717007195455,https://www.douyin.com/video/7599220717007195455,676886962781079,1769331508,2026-04-21 19:49:38.779531,419843,3620210,6,266900,19483,22266,459,11621,16,6,1,86,manual_url,exact,high,1.0,#年夜饭 #干锅鸡翅虾 #家常菜 #好好吃饭好好生活 #干锅土豆,袁锐（萌新的圆）,"['年夜饭', '干锅鸡翅虾', '家常菜', '好好吃饭好好生活', '干锅土豆', '抖音年味争霸赛']",32,1,1
7599221715415092507,https://www.douyin.com/video/7599221715415092507,3430928216231496,1769331719,2026-04-21 19:49:50.658781,1726595,40668541,4,402,10247,82374,479,4615,17,6,1,86,manual_url,exact,high,1.0,#抖音ACG新春会 #温暖新春 #名侦探柯南 #动漫解说,莉莉周影探,"['抖音ACG新春会', '温暖新春', '名侦探柯南', '动漫解说']",28,1,1
7599584567191768339,https://www.douyin.com/video/7599584567191768339,2507361040475383,1769420368,2026-04-21 19:50:07.006118,5253204,56789414,4,798,20388,409671,7203,85371,17,0,0,85,manual_url,exact,high,1.0,XL版寿司比巴掌还大  omakase终于吃爽了～#年味争霸赛开赛了 #诺梵松露 #诺梵坚果金松露 #无限回购的宝藏单品,小珍来咯…,"['年味争霸赛开赛了', '诺梵松露', '诺梵坚果金松露', '无限回购的宝藏单品']",60,1,1
7599988168464665910,https://www.douyin.com/video/7599988168464665910,818483458485480,1769510175,2026-04-21 19:50:27.152520,714594,5073620,4,259926,9132,11423,5787,2019,18,1,0,84,manual_url,exact,high,1.0,一口气看完恐怖惊悚电影《整容女》#影视经典补完计划 #抖音午夜放映厅 #抖音精选 #恐怖惊悚电影,金乐说影,"['影视经典补完计划', '抖音午夜放映厅', '抖音精选', '恐怖惊悚电影']",48,1,1
7600020776472825142,https://www.douyin.com/video/7600020776472825142,1372662903350463,1769517762,2026-04-21 19:50:52.006865,345935,6213816,5,247851,1733,5075,83,292,20,1,0,83,manual_url,exact,high,1.0,"安柏不愧是未来的女王！同为克莱奥的朋友，为啥希尔加德和安柏的做法恰恰相反？
#小公主苏菲亚 #安柏 #友谊 #动画 #童年动画",追番小叮当,"['小公主苏菲亚', '安柏', '友谊', '动画', '童年动画']",63,1,1
7600042552905337152,https://www.douyin.com/video/7600042552905337152,102135554534,1769522801,2026-04-21 19:51:32.150623,151123,1554038,5,181900,4165,70917,583,8621,22,1,0,83,manual_url,exact,high,1.0,#唯有美食治愈一切 #青年创作者成长计划 #拉面 #吃货的日常 #日式拉面,小小白今天午休了吗,"['唯有美食治愈一切', '青年创作者成长计划', '拉面', '吃货的日常', '日式拉面']",37,1,1
7600315793322085659,https://www.douyin.com/video/7600315793322085659,913074021214905,1769586442,2026-04-21 19:51:47.143968,207051,18113858,5,209367,100774,834998,20435,122664,15,2,0,83,manual_url,exact,high,1.0,这些角色竟然是同一个配音员？你可能不认识马正阳，但他的声音你绝对听过!#王者 #动漫 #原神  #马正阳 #广播剧,四次元共鸣机,"['王者', '动漫', '原神', '马正阳', '广播剧']",57,1,1
7600351079540881588,https://www.douyin.com/video/7600351079540881588,215947569008024,1769594636,2026-04-21 19:52:04.447718,296770,6399031,5,279434,718,10726,131,1320,18,2,0,83,manual_url,exact,high,1.0,我爱干饭！！#美食 #妈呀太香了 #甜品 #吃货 #好吃到停不下来,小鹿冲呀,"['美食', '妈呀太香了', '甜品', '吃货', '好吃到停不下来']",33,1,1
7600401002751362734,https://www.douyin.com/video/7600401002751362734,3347370884992487,1769606262,2026-04-21 19:52:38.816941,439385,2817456,5,306834,89842,362843,8097,64831,21,2,0,82,manual_url,exact,high,1.0,#速食测评 #火鸡面 #螺蛳粉 #泡面 #酸辣粉,卷卷测评,"['速食测评', '火鸡面', '螺蛳粉', '泡面', '酸辣粉']",24,1,1
7600693792320509797,https://www.douyin.com/video/7600693792320509797,3010897558642015,1769674429,2026-04-21 19:52:55.734941,84805,3511368,5,181255,4265,4495,203,344,16,3,0,82,manual_url,exact,high,1.0,没空在这伤感了，现在向你走来的是究极形态的鬼王炭治郎#鬼灭之刃 #鬼灭之刃无限城篇 #炭治郎 #无惨 #我在抖音看动漫,动漫降压室,"['鬼灭之刃', '鬼灭之刃无限城篇', '炭治郎', '无惨', '我在抖音看动漫']",59,1,1
7601016911404518690,https://www.douyin.com/video/7601016911404518690,7568423125504984113,1769766600,2026-04-21 19:53:34.545475,12951,752583,5,262267,13069,110676,1324,5246,17,4,0,81,manual_url,exact,high,1.0,#龙族 #小说 #青年创作者成长计划 #路鸣泽 #二次元,漫读小筑,"['龙族', '小说', '青年创作者成长计划', '路鸣泽', '二次元']",28,1,1
7601048622565821747,https://www.douyin.com/video/7601048622565821747,4058994014683581,1769828463,2026-04-21 19:53:45.613613,8115235,38451962,3,1590,85789,612497,20075,100583,11,5,1,80,manual_url,exact,high,1.0,首次钓获破个人记录大金枪/首次抓到紫色大青蟹#酒蒙子的日常 #迎驾贡酒洞藏9 #迎驾贡酒,OK哥环球探海记,"['酒蒙子的日常', '迎驾贡酒洞藏9', '迎驾贡酒']",44,1,1
7601079780076127483,https://www.douyin.com/video/7601079780076127483,102093118104,1769764299,2026-04-21 19:54:06.936318,260631,3123704,2,287394,6257,59394,22048,104498,17,4,0,81,manual_url,exact,high,1.0,小蝌蚪打火锅？！瑶族长发阿姐带我去广西桂林龙胜集市开眼了！#小春姐#特色美食,精致小春姐,"['小春姐', '特色美食']",38,1,1
7601085160972882163,https://www.douyin.com/video/7601085160972882163,106609474987,1769765553,2026-04-21 19:54:34.720232,6230878,98942804,4,825,20336,314844,4461,58176,17,4,0,81,manual_url,exact,high,1.0,重庆小学门口的小吃摊物价有多离谱？1毛多1串的土豆 3块的火鸡面 2块的凉虾自助 2块的奶油双皮奶 3块的酸辣粉 1块1串的炸串 3块的糯米团 5块的鸡柳这物价简直让人惊掉下巴#马王坪小学#重庆美食#小吃摊#地摊小吃,达哥在上海,"['马王坪小学', '重庆美食', '小吃摊', '地摊小吃']",108,1,1
7601128816647971179,https://www.douyin.com/video/7601128816647971179,1711260357375310,1769850090,2026-04-21 19:55:03.879968,1129283,15405944,4,1067,78410,1065463,44036,597695,17,5,1,80,manual_url,exact,high,1.0,到底能有多爽！#高中生 #泽在路上#泰国清迈旅行#海龟爸爸新春才运战痘礼盒,泽＿在路上,"['高中生', '泽在路上', '泰国清迈旅行', '海龟爸爸新春才运战痘礼盒']",37,1,1
7601165682135444294,https://www.douyin.com/video/7601165682135444294,92931243562,1769925847,2026-04-21 19:55:17.582030,1206323,18525697,0,444,1159,5,89,1149,14,6,1,79,manual_url,exact,high,1.0,{},香干丝,[],0,0,0
7601467691761968787,https://www.douyin.com/video/7601467691761968787,96278584664,1769854618,2026-04-21 19:56:41.611074,392671,3152432,4,426,128,617,38,104,18,5,1,80,manual_url,exact,high,1.0,玻利维亚的国家风景名片，也是很多游客来这个国家旅行的唯一理由，世界最大的盐湖乌尤尼盐沼，雨后的夕阳与晚霞，水天相接，组成一幅让你终生难忘的天空之镜 #玻利维亚 #旅行推荐官 #天空之镜#环球旅行,宙斯侃世界,"['玻利维亚', '旅行推荐官', '天空之镜', '环球旅行']",97,1,1
7601765886307841444,https://www.douyin.com/video/7601765886307841444,4195337647700571,1769924045,2026-04-21 19:57:12.264243,1534167,17784624,5,197740,15926,136934,1476,6963,13,6,1,79,manual_url,exact,high,1.0,#露营#沉浸式露营#独居女孩的生活#日常vlog#帐篷,做大做强的顾小姐,"['露营', '沉浸式露营', '独居女孩的生活', '日常vlog', '帐篷']",27,1,1
7601845184179047680,https://www.douyin.com/video/7601845184179047680,2774775325799787,1769942613,2026-04-21 19:58:07.675782,823465,10265178,5,311474,43904,143126,987,7981,18,6,1,79,manual_url,exact,high,1.0,#红太狼 #喜羊羊与灰太狼 #超能陆战队 #刺客伍六七 #秒开仙人模式,菠萝漫漫,"['红太狼', '喜羊羊与灰太狼', '超能陆战队', '刺客伍六七', '秒开仙人模式']",35,1,1
7602223475176232858,https://www.douyin.com/video/7602223475176232858,2280827173470777,1770030587,2026-04-21 19:58:40.505591,228018,2126582,5,484,7194,81297,530,7920,19,0,0,78,manual_url,exact,high,1.0,"完整记录最喜欢那天
🖌️✨
希望你看的开心！

#vlog #vlog日常 #治愈系vlog #创作者中心 #创作灵感",一口日记📔,"['vlog', 'vlog日常', '治愈系vlog', '创作者中心', '创作灵感']",59,1,1
7602235865688061541,https://www.douyin.com/video/7602235865688061541,220332750800877,1770033470,2026-04-21 19:59:13.193854,20486,136554,5,915,1180,5725,350,588,19,0,0,78,manual_url,exact,high,1.0,"迪拜折叠｜6公里内就能看到整个世界的贫富差距
迪拜的贫民区和富豪区，和迪拜奇观下的隐形人
#迪拜 #迪拜旅游 #迪拜vlog #春节旅行好去处 #交换世界计划",琅叔,"['迪拜', '迪拜旅游', '迪拜vlog', '春节旅行好去处', '交换世界计划']",79,1,1
7602563636745309474,https://www.douyin.com/video/7602563636745309474,3301191113779828,1770109802,2026-04-21 20:01:02.440509,23328,1266449,5,183137,1712,12551,295,679,17,1,0,77,manual_url,exact,high,1.0,却遭受人设崩塌#叶罗丽精灵梦 #茉莉 #我在抖音看动漫 #动漫编年史 #叶罗丽,星落追漫,"['叶罗丽精灵梦', '茉莉', '我在抖音看动漫', '动漫编年史', '叶罗丽']",39,1,1
7602564878922042658,https://www.douyin.com/video/7602564878922042658,3291278710679651,1771203600,2026-04-21 20:01:35.843769,9818,841079,5,213931,12065,59027,777,4903,9,0,0,64,manual_url,exact,high,1.0,小说、广播剧中那些震撼三观的发言！#广播剧 #小说 #默读 #破云 #藏南晚星,超级追番少女,"['广播剧', '小说', '默读', '破云', '藏南晚星']",39,1,1
7602872373020486784,https://www.douyin.com/video/7602872373020486784,775596896170601,1775127048,2026-04-21 20:02:00.723939,15023394,226757466,0,166209,78610,1,7628,38913,18,3,0,19,manual_url,exact,high,1.0,{},冯继伟,[],0,0,0
7603282927102758163,https://www.douyin.com/video/7603282927102758163,819562742551363,1770277888,2026-04-21 20:05:24.161429,7649,207491,5,187502,2063,6404,184,542,15,3,0,75,manual_url,exact,high,1.0,#叶罗丽精灵梦 #精灵梦叶罗丽 #世王灵公主 #找婆娘 #叶罗丽cp,追番指北,"['叶罗丽精灵梦', '精灵梦叶罗丽', '世王灵公主', '找婆娘', '叶罗丽cp']",34,1,1
7603293862810891731,https://www.douyin.com/video/7603293862810891731,3404554152706904,1770279819,2026-04-21 20:05:51.751800,1030302,19884203,3,458,3465,69869,971,10609,16,3,0,75,manual_url,exact,high,1.0,#海外生活#夜宵吃什么#花式新吃法,首尔小肥羊,"['海外生活', '夜宵吃什么', '花式新吃法']",17,1,1
7603305211389578523,https://www.douyin.com/video/7603305211389578523,72567542020,1770282456,2026-04-21 20:06:22.087997,3016149,21391763,2,308176,80266,151459,9187,8697,17,3,0,75,manual_url,exact,high,1.0,#美食测评 #网红美食,王蒙多,"['美食测评', '网红美食']",11,1,1
7603311940496051490,https://www.douyin.com/video/7603311940496051490,7561321800136524858,1770284663,2026-04-21 20:06:56.876768,262454,2120990,4,233667,19677,26221,2433,2961,17,3,0,75,manual_url,exact,high,1.0,致郁虐心动画短片，猫爸的两难抉择，陪女儿赴死，还是留儿子独活？#动画短片 #动画解说 #亲情 #青年创作者成长计划,扒扒动漫,"['动画短片', '动画解说', '亲情', '青年创作者成长计划']",57,1,1
7603679386973326598,https://www.douyin.com/video/7603679386973326598,3273669641258107,1770370380,2026-04-21 20:09:29.574598,68079,5634774,5,137440,8111,38187,709,2758,17,4,0,74,manual_url,exact,high,1.0,#鬼灭之刃 #鬼灭上映我不请自来 #鬼灭之刃无限城篇 #炭治郎 #鬼灭研学社,漫剪放映厅,"['鬼灭之刃', '鬼灭上映我不请自来', '鬼灭之刃无限城篇', '炭治郎', '鬼灭研学社']",38,1,1
7603977638683643178,https://www.douyin.com/video/7603977638683643178,57702219311,1770446400,2026-04-21 20:09:55.437651,584805,8074238,1,1658,40190,420351,8892,36622,14,5,1,73,manual_url,exact,high,1.0,#2026KPL春季赛,清酒,['2026kpl春季赛'],11,1,1
7603987685513907471,https://www.douyin.com/video/7603987685513907471,3227813844096955,1770456600,2026-04-21 20:11:40.446775,531702,5366045,5,1732,6589,87578,2140,9047,17,5,1,73,manual_url,exact,high,1.0,#缅甸   #国产AI在境外太好用了 #百度文心助手 #百度搜全球 #新年带上老己奔赴人生的山海,李可真会玩儿,"['缅甸', '国产ai在境外太好用了', '百度文心助手', '百度搜全球', '新年带上老己奔赴人生的山海']",48,1,1
7604080100560080179,https://www.douyin.com/video/7604080100560080179,3364957321435422,1770462885,2026-04-21 20:13:18.702393,305772,8087779,3,643,2274,16129,294,1002,19,5,1,73,manual_url,exact,high,1.0,#动漫 #动漫解说 #你的名字,七二说漫,"['动漫', '动漫解说', '你的名字']",15,1,1
7604108206822925178,https://www.douyin.com/video/7604108206822925178,2944972033366729,1770469411,2026-04-21 20:13:40.523510,161577,1425204,3,198420,3722,46513,2233,40664,21,5,1,72,manual_url,exact,high,1.0,这个面真甜 #美食 #抖音美食 #爆辣,我是王铉铉,"['美食', '抖音美食', '爆辣']",19,1,1
7604108500482018614,https://www.douyin.com/video/7604108500482018614,2247841887035244,1770511080,2026-04-21 20:14:02.333180,303883,3620795,5,237034,61665,609313,8106,113147,8,6,1,72,manual_url,exact,high,1.0,韩国大兵的油脂补给站，一份2万韩元的爆油牛肠，专治各种缺油综合症 #抖音精选 #韩国美食 #烤牛肠 #妈呀太香了 #青年创作者计划,辛巴纪实,"['抖音精选', '韩国美食', '烤牛肠', '妈呀太香了', '青年创作者计划']",65,1,1
7604204379842825512,https://www.douyin.com/video/7604204379842825512,72920691306,1770629422,2026-04-21 20:15:54.690449,7097200,79232033,2,1645,24368,145940,1329,5423,17,0,0,71,manual_url,exact,high,1.0,用100块赚200亿 香港最大金融案原型 华仔梁朝伟二度合作#金手指 #港片不死,楚门聊电影,"['金手指', '港片不死']",40,1,1
7604325164871978246,https://www.douyin.com/video/7604325164871978246,106605001361,1770519974,2026-04-21 20:17:19.985301,369949,10708213,0,1585,66531,666440,9048,39393,11,6,1,72,manual_url,exact,high,1.0,,ZS剪辑,[],0,0,0
7604830322613751067,https://www.douyin.com/video/7604830322613751067,810756876804283,1771030800,2026-04-21 20:26:08.648917,73685,2527346,5,431,8214,39138,1067,3860,9,5,1,66,manual_url,exact,high,1.0,#爆裂飞车 #童年动画 #青年创作者成长计划 #星座 #排行榜,亿只羊,"['爆裂飞车', '童年动画', '青年创作者成长计划', '星座', '排行榜']",31,1,1
7604872549914201378,https://www.douyin.com/video/7604872549914201378,471035583937214,1770647565,2026-04-21 20:26:33.870541,867766,15685004,2,1650,29760,393128,5270,28215,22,0,0,70,manual_url,exact,high,1.0,#甄嬛传十级观众 #万字精讲,星空,"['甄嬛传十级观众', '万字精讲']",14,1,1
7604885085570406473,https://www.douyin.com/video/7604885085570406473,880025629891079,1770717655,2026-04-21 20:26:48.685617,751246,9762245,3,843,115390,224415,8822,201935,18,1,0,70,manual_url,exact,high,1.0,二刷武汉！爽胖7斤好吃的我不想走！耗时1周整理超全攻略#武汉美食 #妈呀太香了 #spes干发喷雾,猴儿甜猴儿甜,"['武汉美食', '妈呀太香了', 'spes干发喷雾']",49,1,1
7605017662683148709,https://www.douyin.com/video/7605017662683148709,2154648565448989,1770706980,2026-04-21 20:27:02.249085,1137801,21853574,2,317900,3654,58225,1555,53593,15,1,0,70,manual_url,exact,high,1.0,精酿啤酒畅饮，一盘肉吃回本！#瓦萨北北 #巴西烤肉,瓦萨北北,"['瓦萨北北', '巴西烤肉']",25,1,1
7605035065705385252,https://www.douyin.com/video/7605035065705385252,2300610293797326,1770685923,2026-04-21 20:27:12.351977,76839,1865166,5,314840,3735,6727,263,338,9,1,0,70,manual_url,exact,high,1.0,#喜羊羊与灰太狼 #喜美 #喜羊羊与灰太狼之古古怪界有古怪 #喜羊羊与灰太狼之决战次时代 #童年动画,药仔漫说,"['喜羊羊与灰太狼', '喜美', '喜羊羊与灰太狼之古古怪界有古怪', '喜羊羊与灰太狼之决战次时代', '童年动画']",50,1,1
7605083290021678376,https://www.douyin.com/video/7605083290021678376,2825059300280361,1770712245,2026-04-21 20:27:37.114745,501001,3586122,5,222800,5473,55750,1918,5710,16,1,0,70,manual_url,exact,high,1.0,一口螺蛳粉，浓辣又上头！越吃越上瘾，根本停不下来~“香辣烤鸡腿”在螺蛳粉的辣度面前只能当小弟了哈哈~#流浪美食家#抖音美食创作人#户外烧烤vlog#户外美食vlog#李子柒加浓加辣螺蛳粉,暴走老李（流浪食记）,"['流浪美食家', '抖音美食创作人', '户外烧烤vlog', '户外美食vlog', '李子柒加浓加辣螺蛳粉']",93,1,1
7605161100283219240,https://www.douyin.com/video/7605161100283219240,3094451479118499,1770714616,2026-04-21 20:27:47.988120,53097,630637,5,1182,4322,16489,221,4013,17,1,0,70,manual_url,exact,high,1.0,#抖音午夜放映厅   #恐怖片  #青年创作者成长计划  #抖音精选  #dou来聊影视,煎个蛋讲电影,"['抖音午夜放映厅', '恐怖片', '青年创作者成长计划', '抖音精选', 'dou来聊影视']",44,1,1
7605190183666978086,https://www.douyin.com/video/7605190183666978086,88675101498,1770729950,2026-04-21 20:28:03.670282,5705779,110592632,2,1686,23386,176499,2402,17979,21,1,0,69,manual_url,exact,high,1.0,#有罪之身 #悬疑,小岛电影,"['有罪之身', '悬疑']",9,1,1
7605426394411373989,https://www.douyin.com/video/7605426394411373989,1275082594062543,1770776327,2026-04-21 20:28:26.003515,16085,117536,5,259202,12669,23767,785,3601,10,2,0,69,manual_url,exact,high,1.0,来喽！#零食测评#日本零食#童年零食#小学生零食#青年创作者扶持计划,虾吃虾吃呀,"['零食测评', '日本零食', '童年零食', '小学生零食', '青年创作者扶持计划']",34,1,1
7605885802895150362,https://www.douyin.com/video/7605885802895150362,3598034102664655,1770883300,2026-04-21 20:28:36.982217,336486,13240039,5,1601,20235,198046,6048,39521,16,3,0,68,manual_url,exact,high,1.0,#前任3再见前任 #前任 #爱情 #影娱年味不打烊  #了不起的精讲团,虾说电影联盟,"['前任3再见前任', '前任', '爱情', '影娱年味不打烊', '了不起的精讲团']",35,1,1
7605950727755746623,https://www.douyin.com/video/7605950727755746623,7434418908100133948,1770898422,2026-04-21 20:28:55.041696,22664,78082,0,1507,7582,18267,738,1710,20,3,0,68,manual_url,exact,high,1.0,,大开眼界,[],0,0,0
7605991833767775528,https://www.douyin.com/video/7605991833767775528,471035583937214,1770907991,2026-04-21 20:29:10.509858,867787,15685277,2,1565,20322,233271,1025,16512,22,3,0,67,manual_url,exact,high,1.0,#甄嬛传十级观众 #万字精讲,星空,"['甄嬛传十级观众', '万字精讲']",14,1,1
7606165999628389683,https://www.douyin.com/video/7606165999628389683,4248938752259255,1771776106,2026-04-21 20:29:35.620973,15697,181768,0,303334,1550,400,673,6058,0,0,0,57,manual_url,exact,high,1.0,#涨知识 #美食 #科普 #猪奶 #牛奶,程天睡大觉,[],20,1,0
7606204994043623232,https://www.douyin.com/video/7606204994043623232,1446610112358676,1770957609,2026-04-21 20:29:50.754903,211280,9986254,4,100775,15084,69925,612,5583,12,4,0,67,manual_url,exact,high,1.0,#我们都是发财的小羊#元梦探灵包灵的 #原创动画#元梦之星,myokey,"['我们都是发财的小羊', '元梦探灵包灵的', '原创动画', '元梦之星']",29,1,1
7606277440058510628,https://www.douyin.com/video/7606277440058510628,97414386230,1770974509,2026-04-21 20:30:09.902533,724247,3156166,5,495,8086,14838,756,4100,17,4,0,67,manual_url,exact,high,1.0,#海南旅游攻略 #三亚旅游攻略 #陵水旅游攻略 #万宁旅游攻略 #交换世界计划,白菜根难吃,"['海南旅游攻略', '三亚旅游攻略', '陵水旅游攻略', '万宁旅游攻略', '交换世界计划']",39,1,1
7606309554078956687,https://www.douyin.com/video/7606309554078956687,39208945978760,1771668166,2026-04-21 20:30:37.895774,2143233,67338427,0,321867,55730,6073,5672,82487,18,5,1,59,manual_url,exact,high,1.0,关系最好的一集#cos#鬼灭之刃#ooc致歉#蓝瓶一出马调啥都很搭 #红星二锅头,地球爆炸^,[],40,1,0
7606639650555948731,https://www.douyin.com/video/7606639650555948731,3280553840225496,1771058807,2026-04-21 20:37:38.492140,1256590,13684042,0,1618,22163,116455,3455,12205,16,5,1,66,manual_url,exact,high,1.0,债务大师许家印,余影绕梁,[],7,1,0
7606690470764268800,https://www.douyin.com/video/7606690470764268800,1040553506248846,1771567800,2026-04-21 20:37:54.976128,49743,807569,5,216467,13485,99306,810,5216,14,4,0,60,manual_url,exact,high,1.0,#魔道祖师 #我在抖音看动漫 #蓝忘机 #蓝曦臣 #三千家规,次元拆解局,"['魔道祖师', '我在抖音看动漫', '蓝忘机', '蓝曦臣', '三千家规']",30,1,1
7606691536411168015,https://www.douyin.com/video/7606691536411168015,88861666583,1771071090,2026-04-21 20:38:01.088550,35708,324548,2,2739,806,4353,103,670,20,5,1,66,manual_url,exact,high,1.0,故事不长，也不难讲，有些心动从开始就注定，不辜负遇见，不勉强结局。@怡宝 #遗憾 #热门,冯声不会拍,"['遗憾', '热门']",44,1,1
7606701802095922473,https://www.douyin.com/video/7606701802095922473,111608898696,1771288313,2026-04-21 20:38:21.640013,1842402,14635680,0,1649,97148,106,3575,28553,8,1,0,63,manual_url,exact,high,1.0,#末日迁徙2 #影娱漫谈编辑部  #了不起的精讲团  #dou来聊电影  #影娱年味不打烊,cc要长生,[],45,1,0
7606736774320180506,https://www.douyin.com/video/7606736774320180506,110693374442,1775393369,2026-04-21 20:38:34.773336,1790440,20648755,0,749,3193,7,684,2616,20,6,1,15,manual_url,exact,high,1.0,俄罗斯人离不开中国？#春节旅行好去处  #交换世界计划 #青年创作者成长计划#俄罗斯 #新年旅行第一站,兔老虎,[],51,1,0
7607039124951895336,https://www.douyin.com/video/7607039124951895336,3598026766287374,1771381844,2026-04-21 20:38:48.664116,1394120,9564637,0,248106,17939,265,865,4354,10,2,0,62,manual_url,exact,high,1.0,#年货爆改指南 #秀一波我的春节邪修美食  #好想来零食乐园 #新年福气多多来 #买年货就去好想来,佳减乘除,[],49,1,0
7607145241375706403,https://www.douyin.com/video/7607145241375706403,4068617671150462,1772413415,2026-04-21 20:39:12.485682,119139,4048351,0,217456,11043,119,1413,1373,9,0,0,50,manual_url,exact,high,1.0,爱是常觉亏欠，不是转移到其他人身上！#童年动画 #童年回忆 #充能计划 #喜灰 #喜羊羊,璎珞,[],44,1,0
7607355442037132570,https://www.douyin.com/video/7607355442037132570,2522699791349580,1771225600,2026-04-21 20:39:25.769185,106645,487003,5,101308,10625,49930,1319,11659,15,0,0,64,manual_url,exact,high,1.0,"暴雨天露营这种感觉真的超解压：
 
- 外面越乱，里面越安稳

- 雨声白噪音直接把烦恼全冲走

- 平时紧绷的情绪，被暴雨一次性浇透、放松

ps:安全地方拍摄，无不良引导
#房车生活 #房车露营 #暴雨天露营 #暴雨天宅家 #大暴雨",小太阳的美好生活,"['房车生活', '房车露营', '暴雨天露营', '暴雨天宅家', '大暴雨']",118,1,1
7607361982099147889,https://www.douyin.com/video/7607361982099147889,1856399109523917,1771677414,2026-04-21 20:39:42.000413,91920,1022358,0,1507,15857,276,906,11317,20,5,1,59,manual_url,exact,high,1.0,怯怯凶案‖加长版，我看似洗脱了嫌疑，但我知道我和杨过的博弈才刚刚开始！#悬疑 #细思极恐 #反转 #推理 #睡前故事,空白格.,[],58,1,0
7607401706338403529,https://www.douyin.com/video/7607401706338403529,4349309425555924,1771236237,2026-04-21 20:40:08.075293,85128,578740,0,271334,5336,46508,3908,22478,18,0,0,64,manual_url,exact,high,1.0,@传奇老马清真餐厅(兰州店)官方号,传奇老马·马亮,[],17,1,0
7607417444566682926,https://www.douyin.com/video/7607417444566682926,1174720557357197,1771300291,2026-04-21 20:40:25.170685,585071,9294774,0,126486,78320,29849,11933,125704,11,1,0,63,manual_url,exact,high,1.0,#原神创作者激励计划 #原神 #芙宁娜 #空 #叶玲秋雨,雾霭OvO,[],28,1,0
7608752163040415039,https://www.douyin.com/video/7608752163040415039,3237397023693579,1771581600,2026-04-21 20:46:39.274387,4100042,23049703,1,701,8709,113409,5331,10543,18,4,0,60,manual_url,exact,high,1.0,在东南亚最穷的国家，100元能买多少东西，当地人的真实生活怎么样#非洲小钟,小钟Johnny,['非洲小钟'],37,1,1
7608863932044180334,https://www.douyin.com/video/7608863932044180334,4429305963363502,1771576689,2026-04-21 20:46:46.594922,47614,715344,0,214273,1835,7419,140,391,16,4,0,60,manual_url,exact,high,1.0,,caiCaii,[],0,0,0
7608876142858226987,https://www.douyin.com/video/7608876142858226987,341317484816362,1771584341,2026-04-21 20:46:57.881257,413471,1470347,0,259286,31679,2005,2484,6312,18,4,0,60,manual_url,exact,high,1.0,#霉豆腐,尘风也成风（己疯牌）,[],4,1,0
7608904928903433535,https://www.douyin.com/video/7608904928903433535,96841097299,1772956029,2026-04-21 20:47:12.653691,222607,1536543,0,1682,652,2,267,208,15,6,1,44,manual_url,exact,high,1.0,#非洲 #马拉维 #环球旅行 #旅行 #野生玩家,顺其自然吧,[],24,1,0
7609234531203206446,https://www.douyin.com/video/7609234531203206446,109633370113,1773491565,2026-04-21 20:47:22.469741,83574,2563435,0,403,6365,1,341,4598,20,5,1,38,manual_url,exact,high,1.0,#动漫解说#goat#百合#福瑞#动物世界,冰昙,[],21,1,0
7610377511456754995,https://www.douyin.com/video/7610377511456754995,1117544419170952,1772333288,2026-04-21 20:47:33.413543,1528798,21530784,0,180167,17484,1349,2200,21750,10,6,1,51,manual_url,exact,high,1.0,@粑粑电竞 #红狼身法 #乔木课堂,睡觉,[],17,1,0
7610402973683895578,https://www.douyin.com/video/7610402973683895578,55759189426,1771935070,2026-04-21 20:47:44.512729,31407,265635,5,303700,9929,12733,392,5359,20,1,0,56,manual_url,exact,high,1.0,#分享我的旅行回忆 #吹爆美好目的地 #香港 #香港旅行 #香港小众景点,Tim孟游记,"['分享我的旅行回忆', '吹爆美好目的地', '香港', '香港旅行', '香港小众景点']",36,1,1
7610466696536526122,https://www.douyin.com/video/7610466696536526122,3463924205225370,1771950031,2026-04-21 20:47:54.432979,76730,936705,3,555,306,3506,72,268,0,2,0,55,manual_url,exact,high,1.0,#孤独的美食家 #日剧 #治愈美食,好奇盒子,"['孤独的美食家', '日剧', '治愈美食']",17,1,1
7610655021025217819,https://www.douyin.com/video/7610655021025217819,2499623379545772,1771995181,2026-04-21 20:47:58.678099,175721,3455537,4,1501,104007,486278,109033,366995,12,2,0,55,manual_url,exact,high,1.0,#恐怖片 #影娱年味不打烊  #了不起的精讲团 #影评人陪你过春节,听雨探影,"['恐怖片', '影娱年味不打烊', '了不起的精讲团', '影评人陪你过春节']",33,1,1
7610803926492810559,https://www.douyin.com/video/7610803926492810559,627169770871500,1772102457,2026-04-21 20:48:16.208217,3085401,19915197,0,1740,49137,5202,5810,30874,18,3,0,54,manual_url,exact,high,1.0,#配音 #何为系列 #爱情 #新知贺岁眼界大开,蔚野七,[],23,1,0
7610805605535607657,https://www.douyin.com/video/7610805605535607657,53558099034,1772032702,2026-04-21 20:48:33.520410,52883,323828,0,377,45704,1,1636,13541,23,2,0,54,manual_url,exact,high,1.0,以做起来，当预备早餐放冰箱，早上煮一煮很方便#私房馄饨#全职妈妈#备餐 #开学 #在平凡的日子里热爱生活,甜宝,[],52,1,0
7611058823259998683,https://www.douyin.com/video/7611058823259998683,2640382402509195,1772100000,2026-04-21 20:48:45.046591,55777,2303231,5,290877,1056,6380,144,294,18,3,0,54,manual_url,exact,high,1.0,细数官方恶搞罗峰的名场面，看制作组如何用抽象整活一个主角#充能计划 #国漫补完计划 #动漫编年史 #国漫作者团  #青年创作者成长计划,星空动漫,"['充能计划', '国漫补完计划', '动漫编年史', '国漫作者团', '青年创作者成长计划']",67,1,1
7611103881086455103,https://www.douyin.com/video/7611103881086455103,2080700358212907,1772098233,2026-04-21 20:48:55.715722,33792,298843,5,755,1177,9064,521,2897,17,3,0,54,manual_url,exact,high,1.0,"有这样一座中国城市。
它与世界上最动荡的地区之一缅北，只相隔了一条细长的国境线。
有人说，这里是需要时刻保持警惕的危险边境，有人将这里当作能押上身家、改变命运的机遇之地，也有人被这里的异域风情和自然景观所吸引。
这一期视频，欢迎和我们一起探索中国西南的尽头，瑞丽。
#青年创作者成长计划 #交换世界计划 #吹爆美好目的地#瑞丽 #云南",核桃派PecanPie,"['青年创作者成长计划', '交换世界计划', '吹爆美好目的地', '瑞丽', '云南']",167,1,1
7611128219177094463,https://www.douyin.com/video/7611128219177094463,2458952711277975,1772103914,2026-04-21 20:49:00.089267,2395274,23594621,0,541,6631,100919,1271,48845,19,3,0,54,manual_url,exact,high,1.0,,文福姬Eat with Boki,[],0,0,0
7611394066655317289,https://www.douyin.com/video/7611394066655317289,2353400160205647,1772187180,2026-04-21 20:49:11.369794,29253,748232,0,614,1228,2916,302,1936,18,4,0,53,manual_url,exact,high,1.0,{},绒绒吃小桃,[],0,0,0
7611476809221262655,https://www.douyin.com/video/7611476809221262655,3751954275897956,1772271000,2026-04-21 20:49:34.148460,40297,1901542,5,183670,25490,83191,4978,9089,17,5,1,52,manual_url,exact,high,1.0,#充能计划#我在抖音看动漫#动漫编年史#热血番补完计划#动漫,野原漫推,"['充能计划', '我在抖音看动漫', '动漫编年史', '热血番补完计划', '动漫']",30,1,1
7611824713656225033,https://www.douyin.com/video/7611824713656225033,2648101473222957,1776604402,2026-04-21 20:49:44.880402,103525,372397,0,327734,13897,1,741,916,21,6,1,1,manual_url,exact,high,1.0,#三角洲行动 #豆包,空神（空空电竞）,[],10,1,0
7611833261240683776,https://www.douyin.com/video/7611833261240683776,3080186659360344,1772268068,2026-04-21 20:49:57.725679,59419,2585571,5,298934,6846,25933,277,1755,16,5,1,52,manual_url,exact,high,1.0,#小马宝莉 #宇宙公主 #月亮公主 #反差 #抖音精选,虾扯漫,"['小马宝莉', '宇宙公主', '月亮公主', '反差', '抖音精选']",27,1,1
7611844715926850835,https://www.douyin.com/video/7611844715926850835,106800872000,1772516878,2026-04-21 20:50:14.954371,3510698,62479043,0,267243,7402,265,5393,112236,13,1,0,49,manual_url,exact,high,1.0,#美食分享#好吃好吃 #火鸡面#新年快乐,甜妹is me,[],20,1,0
7611914082890943778,https://www.douyin.com/video/7611914082890943778,3237383141623564,1772322378,2026-04-21 20:50:28.840294,297353,6545175,0,181567,9251,29,241,621,7,6,1,51,manual_url,exact,high,1.0,#名侦探柯南 #灰原 #柯南解说,王旁青头兼五一,[],16,1,0
