source_video_id,related_video_id,related_rank_position,crawl_time,related_author_id,related_author_sec_uid,related_author_nickname,related_caption,related_create_time,related_duration_ms,related_media_type,related_digg_count,related_comment_count,related_share_count,related_collect_count,related_play_count,related_cover_url_list,related_music_id,related_music_title,related_text_extra_raw,related_video_tag_raw,related_chapter_abstract
7624990104373376421,7606677258660613430,0,2026-05-06T23:14:33.686902,95864020728,MS4wLjABAAAA6xoQ2eamGxt8JM0y5GU9TCxiZRjVxCMYGjgeHvpOotw,我是机灵姐,寒假十大挑战第9集:独自在家过一天 #机灵姐一家  #机灵姐点成长纪念册  #挑战  #宝贝年味企划,1771124400,1184102,4,189370,9534,6028,56729,0,"[""https://p3-pc-sign.douyinpic.com/image-cut-tos/bcf94ff999e4c06c2a8da802c946b358~tplv-dy-resize-origshort-autoq-75:330.jpeg?lk3s=138a59ce&x-expires=2093439600&x-signature=ULpdtvXNTRLjoSClbT07jquKWb4%3D&from=327834062&s=PackSourceEnum_WEBPC_RELATED_AWEME&se=false&sc=cover&biz_tag=pcweb_cover&l=202605062314448316D2325C9808B4013C"", ""https://p9-pc-sign.douyinpic.com/image-cut-tos/bcf94ff999e4c06c2a8da802c946b358~tplv-dy-resize-origshort-autoq-75:330.jpeg?lk3s=138a59ce&x-expires=2093439600&x-signature=NTQpbaJTo7lK%2BCZphj3qYevu%2BsY%3D&from=327834062&s=PackSourceEnum_WEBPC_RELATED_AWEME&se=false&sc=cover&biz_tag=pcweb_cover&l=202605062314448316D2325C9808B4013C""]",7606678324768738058,@我是机灵姐创作的原声,"[{""caption_end"": 6, ""caption_start"": 0, ""end"": 24, ""hashtag_id"": ""1736328041558052"", ""hashtag_name"": ""机灵姐一家"", ""is_commerce"": false, ""start"": 18, ""type"": 1}, {""caption_end"": 18, ""caption_start"": 8, ""end"": 36, ""hashtag_id"": ""7606677727780816911"", ""hashtag_name"": ""机灵姐点成长纪念册"", ""is_commerce"": false, ""start"": 26, ""type"": 1}, {""caption_end"": 23, ""caption_start"": 20, ""end"": 41, ""hashtag_id"": ""1553929685826562"", ""hashtag_name"": ""挑战"", ""is_commerce"": false, ""start"": 38, ""type"": 1}, {""caption_end"": 32, ""caption_start"": 25, ""end"": 50, ""hashtag_id"": ""7597659875681781786"", ""hashtag_name"": ""宝贝年味企划"", ""is_commerce"": false, ""start"": 43, ""type"": 1}]","[{""level"": 1, ""tag_id"": 2024, ""tag_name"": ""亲子""}, {""level"": 2, ""tag_id"": 2024005, ""tag_name"": ""亲子日常""}, {""level"": 3, ""tag_id"": 2024005004, ""tag_name"": ""亲子随拍""}]",
7624990104373376421,7614826673117386609,1,2026-05-06T23:14:33.686902,4000489808613520,MS4wLjABAAAA946rEVrbWuHGzNaSEucJ5OXTePx9182erGrjjkLAz0u33MwTWzzqmxSsTlig6whJ,听舟日记,09高中生上学vlog 开学第一天！ 上学日记回归！！#抽象#高中生#校园#日常vlog#青年创作者成长计划,1772964996,283034,4,46204,537,1232,4510,0,"[""https://p3-pc-sign.douyinpic.com/image-cut-tos-priv/200affbfdf6f6573d913c1304e2fd36c~tplv-dy-resize-origshort-autoq-75:330.jpeg?lk3s=138a59ce&x-expires=2093439600&x-signature=9n%2BR4GrkTIj8PI6m5%2Fc%2F4dNrZgQ%3D&from=327834062&s=PackSourceEnum_WEBPC_RELATED_AWEME&se=false&sc=cover&biz_tag=pcweb_cover&l=202605062314448316D2325C9808B4013C"", ""https://p9-pc-sign.douyinpic.com/image-cut-tos-priv/200affbfdf6f6573d913c1304e2fd36c~tplv-dy-resize-origshort-autoq-75:330.jpeg?lk3s=138a59ce&x-expires=2093439600&x-signature=fBGvImRNe4JEeq%2FfrMukVPAsENo%3D&from=327834062&s=PackSourceEnum_WEBPC_RELATED_AWEME&se=false&sc=cover&biz_tag=pcweb_cover&l=202605062314448316D2325C9808B4013C""]",7614826683966933803,@听舟日记创作的原声,"[{""caption_end"": 11, ""caption_start"": 8, ""end"": 30, ""hashtag_id"": ""1575899869053982"", ""hashtag_name"": ""抽象"", ""is_commerce"": false, ""start"": 27, ""type"": 1}, {""caption_end"": 15, ""caption_start"": 11, ""end"": 34, ""hashtag_id"": ""1767587029083149"", ""hashtag_name"": ""高中生"", ""is_commerce"": false, ""start"": 30, ""type"": 1}, {""caption_end"": 18, ""caption_start"": 15, ""end"": 37, ""hashtag_id"": ""1767587367750663"", ""hashtag_name"": ""校园"", ""is_commerce"": false, ""start"": 34, ""type"": 1}, {""caption_end"": 25, ""caption_start"": 18, ""end"": 44, ""hashtag_id"": ""1590567937582093"", ""hashtag_name"": ""日常vlog"", ""is_commerce"": false, ""start"": 37, ""type"": 1}, {""caption_end"": 35, ""caption_start"": 25, ""end"": 54, ""hashtag_id"": ""7529832653680281615"", ""hashtag_name"": ""青年创作者成长计划"", ""is_commerce"": false, ""start"": 44, ""type"": 1}]","[{""level"": 1, ""tag_id"": 2007, ""tag_name"": ""校园教育""}, {""level"": 2, ""tag_id"": 2007006, ""tag_name"": ""中小学校园""}, {""level"": 0, ""tag_id"": 0, ""tag_name"": """"}]",
7624990104373376421,7617488863346882405,2,2026-05-06T23:14:33.686902,4000489808613520,MS4wLjABAAAA946rEVrbWuHGzNaSEucJ5OXTePx9182erGrjjkLAz0u33MwTWzzqmxSsTlig6whJ,听舟日记,09高中生上学vlog 在学校吃泡面… #抽象#高中生#校园#日常vlog#青年创作者成长计划 #给高考生的精选 #抖音高考模式是抖音精选 #抖音精选高考应援联盟 #2026高考,1773584836,261899,4,26045,365,726,2684,0,"[""https://p3-pc-sign.douyinpic.com/image-cut-tos/21f136e7da1077d19a3dcf36ae45a558~tplv-dy-resize-origshort-autoq-75:330.jpeg?lk3s=138a59ce&x-expires=2093439600&x-signature=LtVKOgO9i3wEb%2Bl6yFJmWlUvgzM%3D&from=327834062&s=PackSourceEnum_WEBPC_RELATED_AWEME&se=false&sc=cover&biz_tag=pcweb_cover&l=202605062314448316D2325C9808B4013C"", ""https://p9-pc-sign.douyinpic.com/image-cut-tos/21f136e7da1077d19a3dcf36ae45a558~tplv-dy-resize-origshort-autoq-75:330.jpeg?lk3s=138a59ce&x-expires=2093439600&x-signature=IIPH0YDTpiEC%2B0IwMbiQv9ULul0%3D&from=327834062&s=PackSourceEnum_WEBPC_RELATED_AWEME&se=false&sc=cover&biz_tag=pcweb_cover&l=202605062314448316D2325C9808B4013C""]",7617488813665422132,@听舟日记创作的原声,"[{""caption_end"": 3, ""caption_start"": 0, ""end"": 23, ""hashtag_id"": ""1575899869053982"", ""hashtag_name"": ""抽象"", ""is_commerce"": false, ""start"": 20, ""type"": 1}, {""caption_end"": 7, ""caption_start"": 3, ""end"": 27, ""hashtag_id"": ""1767587029083149"", ""hashtag_name"": ""高中生"", ""is_commerce"": false, ""start"": 23, ""type"": 1}, {""caption_end"": 10, ""caption_start"": 7, ""end"": 30, ""hashtag_id"": ""1767587367750663"", ""hashtag_name"": ""校园"", ""is_commerce"": false, ""start"": 27, ""type"": 1}, {""caption_end"": 17, ""caption_start"": 10, ""end"": 37, ""hashtag_id"": ""1590567937582093"", ""hashtag_name"": ""日常vlog"", ""is_commerce"": false, ""start"": 30, ""type"": 1}, {""caption_end"": 27, ""caption_start"": 17, ""end"": 47, ""hashtag_id"": ""7529832653680281615"", ""hashtag_name"": ""青年创作者成长计划"", ""is_commerce"": false, ""start"": 37, ""type"": 1}, {""caption_end"": 0, ""caption_start"": 0, ""end"": 56, ""hashtag_id"": ""7618480603641415732"", ""hashtag_name"": ""给高考生的精选"", ""is_commerce"": false, ""start"": 48, ""type"": 1}, {""caption_end"": 0, ""caption_start"": 0, ""end"": 69, ""hashtag_id"": ""7618480666372261888"", ""hashtag_name"": ""抖音高考模式是抖音精选"", ""is_commerce"": false, ""start"": 57, ""type"": 1}, {""caption_end"": 0, ""caption_start"": 0, ""end"": 81, ""hashtag_id"": ""7625886255053703214"", ""hashtag_name"": ""抖音精选高考应援联盟"", ""is_commerce"": false, ""start"": 70, ""type"": 1}, {""caption_end"": 0, ""caption_start"": 0, ""end"": 89, ""hashtag_id"": ""1671986003106823"", ""hashtag_name"": ""2026高考"", ""is_commerce"": false, ""start"": 82, ""type"": 1}]","[{""level"": 1, ""tag_id"": 2007, ""tag_name"": ""校园教育""}, {""level"": 2, ""tag_id"": 2007006, ""tag_name"": ""中小学校园""}, {""level"": 0, ""tag_id"": 0, ""tag_name"": """"}]",
7624990104373376421,7620802533607304570,3,2026-05-06T23:14:33.686902,4000489808613520,MS4wLjABAAAA946rEVrbWuHGzNaSEucJ5OXTePx9182erGrjjkLAz0u33MwTWzzqmxSsTlig6whJ,听舟日记,09高中生上学vlog 今天开运动会！ 运动会vlog终于剪出来了…#抽象#高中生#校园#日常vlog#青年创作者成长计划 #给高考生的精选 #抖音高考模式是抖音精选 #抖音精选高考应援联盟 #2026高考,1774356360,303367,4,33254,365,1004,3202,0,"[""https://p3-pc-sign.douyinpic.com/image-cut-tos/88b97a82fdbe1ed1168ba60eaf670612~tplv-dy-resize-origshort-autoq-75:330.jpeg?lk3s=138a59ce&x-expires=2093439600&x-signature=aXwMGyzSswssozeZ23iQWTlLKAA%3D&from=327834062&s=PackSourceEnum_WEBPC_RELATED_AWEME&se=false&sc=cover&biz_tag=pcweb_cover&l=202605062314448316D2325C9808B4013C"", ""https://p9-pc-sign.douyinpic.com/image-cut-tos/88b97a82fdbe1ed1168ba60eaf670612~tplv-dy-resize-origshort-autoq-75:330.jpeg?lk3s=138a59ce&x-expires=2093439600&x-signature=uxzdL9EWw%2Ba76RHZnA6G%2F1XYRAw%3D&from=327834062&s=PackSourceEnum_WEBPC_RELATED_AWEME&se=false&sc=cover&biz_tag=pcweb_cover&l=202605062314448316D2325C9808B4013C""]",7620802612866157375,@听舟日记创作的原声,"[{""caption_end"": 17, ""caption_start"": 14, ""end"": 37, ""hashtag_id"": ""1575899869053982"", ""hashtag_name"": ""抽象"", ""is_commerce"": false, ""start"": 34, ""type"": 1}, {""caption_end"": 21, ""caption_start"": 17, ""end"": 41, ""hashtag_id"": ""1767587029083149"", ""hashtag_name"": ""高中生"", ""is_commerce"": false, ""start"": 37, ""type"": 1}, {""caption_end"": 24, ""caption_start"": 21, ""end"": 44, ""hashtag_id"": ""1767587367750663"", ""hashtag_name"": ""校园"", ""is_commerce"": false, ""start"": 41, ""type"": 1}, {""caption_end"": 31, ""caption_start"": 24, ""end"": 51, ""hashtag_id"": ""1590567937582093"", ""hashtag_name"": ""日常vlog"", ""is_commerce"": false, ""start"": 44, ""type"": 1}, {""caption_end"": 41, ""caption_start"": 31, ""end"": 61, ""hashtag_id"": ""7529832653680281615"", ""hashtag_name"": ""青年创作者成长计划"", ""is_commerce"": false, ""start"": 51, ""type"": 1}, {""caption_end"": 0, ""caption_start"": 0, ""end"": 70, ""hashtag_id"": ""7618480603641415732"", ""hashtag_name"": ""给高考生的精选"", ""is_commerce"": false, ""start"": 62, ""type"": 1}, {""caption_end"": 0, ""caption_start"": 0, ""end"": 83, ""hashtag_id"": ""7618480666372261888"", ""hashtag_name"": ""抖音高考模式是抖音精选"", ""is_commerce"": false, ""start"": 71, ""type"": 1}, {""caption_end"": 0, ""caption_start"": 0, ""end"": 95, ""hashtag_id"": ""7625886255053703214"", ""hashtag_name"": ""抖音精选高考应援联盟"", ""is_commerce"": false, ""start"": 84, ""type"": 1}, {""caption_end"": 0, ""caption_start"": 0, ""end"": 103, ""hashtag_id"": ""1671986003106823"", ""hashtag_name"": ""2026高考"", ""is_commerce"": false, ""start"": 96, ""type"": 1}]","[{""level"": 1, ""tag_id"": 2007, ""tag_name"": ""校园教育""}, {""level"": 2, ""tag_id"": 2007006, ""tag_name"": ""中小学校园""}, {""level"": 0, ""tag_id"": 0, ""tag_name"": """"}]",
7624990104373376421,7612225769099515386,4,2026-05-06T23:14:33.686902,4000489808613520,MS4wLjABAAAA946rEVrbWuHGzNaSEucJ5OXTePx9182erGrjjkLAz0u33MwTWzzqmxSsTlig6whJ,听舟日记,09高中生寒假vlog 通宵的一天… 我补药开学呀！！#抽象#高中生#寒假#日常vlog#青年创作者成长计划,1772359426,200109,4,12997,289,220,940,0,"[""https://p3-pc-sign.douyinpic.com/image-cut-tos/c24a4e56533fe1a791f1f83eb8489aee~tplv-dy-resize-origshort-autoq-75:330.jpeg?lk3s=138a59ce&x-expires=2093439600&x-signature=EOwrKJhWVxAdL0kTSy7VdtpQZY0%3D&from=327834062&s=PackSourceEnum_WEBPC_RELATED_AWEME&se=false&sc=cover&biz_tag=pcweb_cover&l=202605062314448316D2325C9808B4013C"", ""https://p9-pc-sign.douyinpic.com/image-cut-tos/c24a4e56533fe1a791f1f83eb8489aee~tplv-dy-resize-origshort-autoq-75:330.jpeg?lk3s=138a59ce&x-expires=2093439600&x-signature=J%2F67BiWuUNlv7JS0iD3LXVuGXzM%3D&from=327834062&s=PackSourceEnum_WEBPC_RELATED_AWEME&se=false&sc=cover&biz_tag=pcweb_cover&l=202605062314448316D2325C9808B4013C""]",7612225789278391082,@听舟日记创作的原声,"[{""caption_end"": 11, ""caption_start"": 8, ""end"": 30, ""hashtag_id"": ""1575899869053982"", ""hashtag_name"": ""抽象"", ""is_commerce"": false, ""start"": 27, ""type"": 1}, {""caption_end"": 15, ""caption_start"": 11, ""end"": 34, ""hashtag_id"": ""1767587029083149"", ""hashtag_name"": ""高中生"", ""is_commerce"": false, ""start"": 30, ""type"": 1}, {""caption_end"": 18, ""caption_start"": 15, ""end"": 37, ""hashtag_id"": ""1555927198663681"", ""hashtag_name"": ""寒假"", ""is_commerce"": false, ""start"": 34, ""type"": 1}, {""caption_end"": 25, ""caption_start"": 18, ""end"": 44, ""hashtag_id"": ""1590567937582093"", ""hashtag_name"": ""日常vlog"", ""is_commerce"": false, ""start"": 37, ""type"": 1}, {""caption_end"": 35, ""caption_start"": 25, ""end"": 54, ""hashtag_id"": ""7529832653680281615"", ""hashtag_name"": ""青年创作者成长计划"", ""is_commerce"": false, ""start"": 44, ""type"": 1}]","[{""level"": 1, ""tag_id"": 2029, ""tag_name"": ""随拍""}, {""level"": 2, ""tag_id"": 2029003, ""tag_name"": ""生活记录""}, {""level"": 3, ""tag_id"": 2029003001, ""tag_name"": ""日常vlog""}]",
7624990104373376421,7611483591045818618,5,2026-05-06T23:14:33.686902,4000489808613520,MS4wLjABAAAA946rEVrbWuHGzNaSEucJ5OXTePx9182erGrjjkLAz0u33MwTWzzqmxSsTlig6whJ,听舟日记,09年高中生寒假vlog 悠闲的一天！ 寒假余额不足…赶紧发几个宅家vlog...#抽象#高中生#欧舒天#日常vlog#青年创作者成长计划,1772186624,245643,4,28817,447,601,2508,0,"[""https://p3-pc-sign.douyinpic.com/image-cut-tos/c2701abf57a2ad5511d35e82f2f46fba~tplv-dy-resize-origshort-autoq-75:330.jpeg?lk3s=138a59ce&x-expires=2093439600&x-signature=Cvxhj%2BYucTkBkhEfi%2B%2FCieAGQog%3D&from=327834062&s=PackSourceEnum_WEBPC_RELATED_AWEME&se=false&sc=cover&biz_tag=pcweb_cover&l=202605062314448316D2325C9808B4013C"", ""https://p9-pc-sign.douyinpic.com/image-cut-tos/c2701abf57a2ad5511d35e82f2f46fba~tplv-dy-resize-origshort-autoq-75:330.jpeg?lk3s=138a59ce&x-expires=2093439600&x-signature=2ejS%2FmW38Iy6uuzLML%2Bi6fMNUVc%3D&from=327834062&s=PackSourceEnum_WEBPC_RELATED_AWEME&se=false&sc=cover&biz_tag=pcweb_cover&l=202605062314448316D2325C9808B4013C""]",7611483520996739875,@听舟日记创作的原声,"[{""caption_end"": 24, ""caption_start"": 21, ""end"": 44, ""hashtag_id"": ""1575899869053982"", ""hashtag_name"": ""抽象"", ""is_commerce"": false, ""start"": 41, ""type"": 1}, {""caption_end"": 28, ""caption_start"": 24, ""end"": 48, ""hashtag_id"": ""1767587029083149"", ""hashtag_name"": ""高中生"", ""is_commerce"": false, ""start"": 44, ""type"": 1}, {""caption_end"": 32, ""caption_start"": 28, ""end"": 52, ""hashtag_id"": ""1698425217570829"", ""hashtag_name"": ""欧舒天"", ""is_commerce"": false, ""start"": 48, ""type"": 1}, {""caption_end"": 39, ""caption_start"": 32, ""end"": 59, ""hashtag_id"": ""1590567937582093"", ""hashtag_name"": ""日常vlog"", ""is_commerce"": false, ""start"": 52, ""type"": 1}, {""caption_end"": 49, ""caption_start"": 39, ""end"": 69, ""hashtag_id"": ""7529832653680281615"", ""hashtag_name"": ""青年创作者成长计划"", ""is_commerce"": false, ""start"": 59, ""type"": 1}]","[{""level"": 1, ""tag_id"": 2029, ""tag_name"": ""随拍""}, {""level"": 2, ""tag_id"": 2029003, ""tag_name"": ""生活记录""}, {""level"": 3, ""tag_id"": 2029003001, ""tag_name"": ""日常vlog""}]",
7624990104373376421,7634535245555594875,6,2026-05-06T23:14:33.686902,3793779230507801,MS4wLjABAAAADi_VuVJxKUqhIUrzh1-_gNXuWgYwxn9itS1K3VuDf9aYFIVtlWacyuS53W-307MC,ZZ.an,平静的幸福贯穿我的每分每秒#vlog #vlog日常 #恋爱,1777553755,186934,4,52309,746,9999,4035,0,"[""https://p3-pc-sign.douyinpic.com/image-cut-tos-priv/7ce88a305413a8662c000b4e94ba9642~tplv-dy-resize-origshort-autoq-75:330.jpeg?lk3s=138a59ce&x-expires=2093439600&x-signature=5DBVzrP9t6AvAEGx%2F4LERVhZAls%3D&from=327834062&s=PackSourceEnum_WEBPC_RELATED_AWEME&se=false&sc=cover&biz_tag=pcweb_cover&l=202605062314448316D2325C9808B4013C"", ""https://p9-pc-sign.douyinpic.com/image-cut-tos-priv/7ce88a305413a8662c000b4e94ba9642~tplv-dy-resize-origshort-autoq-75:330.jpeg?lk3s=138a59ce&x-expires=2093439600&x-signature=qLd62D8TdyzXxQ%2BVLAI0I5kHV8o%3D&from=327834062&s=PackSourceEnum_WEBPC_RELATED_AWEME&se=false&sc=cover&biz_tag=pcweb_cover&l=202605062314448316D2325C9808B4013C""]",7280438354062232376,@何弦_伴奏创作的原声,"[{""caption_end"": 18, ""caption_start"": 13, ""end"": 18, ""hashtag_id"": ""1569364387356674"", ""hashtag_name"": ""vlog"", ""is_commerce"": false, ""start"": 13, ""type"": 1}, {""caption_end"": 26, ""caption_start"": 19, ""end"": 26, ""hashtag_id"": ""7419051797869758527"", ""hashtag_name"": ""vlog日常"", ""is_commerce"": false, ""start"": 19, ""type"": 1}, {""caption_end"": 30, ""caption_start"": 27, ""end"": 30, ""hashtag_id"": ""1571084981282833"", ""hashtag_name"": ""恋爱"", ""is_commerce"": false, ""start"": 27, ""type"": 1}]","[{""level"": 1, ""tag_id"": 2029, ""tag_name"": ""随拍""}, {""level"": 2, ""tag_id"": 2029003, ""tag_name"": ""生活记录""}, {""level"": 3, ""tag_id"": 2029003001, ""tag_name"": ""日常vlog""}]",
7624990104373376421,7613606855738475259,7,2026-05-06T23:14:33.686902,4000489808613520,MS4wLjABAAAA946rEVrbWuHGzNaSEucJ5OXTePx9182erGrjjkLAz0u33MwTWzzqmxSsTlig6whJ,听舟日记,09高中生寒假vlog 开学前一天… #抽象#高中生#寒假#日常vlog#青年创作者成长计划,1772703000,183808,4,11679,205,185,1003,0,"[""https://p3-pc-sign.douyinpic.com/image-cut-tos/c665ceaeef736f4bcf3eba2cda123bdc~tplv-dy-resize-origshort-autoq-75:330.jpeg?lk3s=138a59ce&x-expires=2093439600&x-signature=BCKZAQRNLdWXOOFer5mNlSqNYIA%3D&from=327834062&s=PackSourceEnum_WEBPC_RELATED_AWEME&se=false&sc=cover&biz_tag=pcweb_cover&l=202605062314448316D2325C9808B4013C"", ""https://p9-pc-sign.douyinpic.com/image-cut-tos/c665ceaeef736f4bcf3eba2cda123bdc~tplv-dy-resize-origshort-autoq-75:330.jpeg?lk3s=138a59ce&x-expires=2093439600&x-signature=tNvRc68q1CqrHr0FvsX8HuGNYMQ%3D&from=327834062&s=PackSourceEnum_WEBPC_RELATED_AWEME&se=false&sc=cover&biz_tag=pcweb_cover&l=202605062314448316D2325C9808B4013C""]",7613606885035395894,@听舟日记创作的原声,"[{""caption_end"": 3, ""caption_start"": 0, ""end"": 22, ""hashtag_id"": ""1575899869053982"", ""hashtag_name"": ""抽象"", ""is_commerce"": false, ""start"": 19, ""type"": 1}, {""caption_end"": 7, ""caption_start"": 3, ""end"": 26, ""hashtag_id"": ""1767587029083149"", ""hashtag_name"": ""高中生"", ""is_commerce"": false, ""start"": 22, ""type"": 1}, {""caption_end"": 10, ""caption_start"": 7, ""end"": 29, ""hashtag_id"": ""1555927198663681"", ""hashtag_name"": ""寒假"", ""is_commerce"": false, ""start"": 26, ""type"": 1}, {""caption_end"": 17, ""caption_start"": 10, ""end"": 36, ""hashtag_id"": ""1590567937582093"", ""hashtag_name"": ""日常vlog"", ""is_commerce"": false, ""start"": 29, ""type"": 1}, {""caption_end"": 27, ""caption_start"": 17, ""end"": 46, ""hashtag_id"": ""7529832653680281615"", ""hashtag_name"": ""青年创作者成长计划"", ""is_commerce"": false, ""start"": 36, ""type"": 1}]","[{""level"": 1, ""tag_id"": 2029, ""tag_name"": ""随拍""}, {""level"": 2, ""tag_id"": 2029003, ""tag_name"": ""生活记录""}, {""level"": 3, ""tag_id"": 2029003001, ""tag_name"": ""日常vlog""}]",
7624990104373376421,7627531172532960683,8,2026-05-06T23:14:33.686902,2815219630084424,MS4wLjABAAAAIKsH82S-6ESjoeJu1Z5c-7nuKITjsbaY-8y76xS7Jza3niqEETPqn9d1aPpEAx2H,Eliza小马多读书,人怎么能有这么多会要开😅清华的人都这么闲吗 #vlog #vlog日常 #vlog十亿流量扶持计划 #青年创作者成长计划 #清华大学,1775988060,388353,4,50841,1230,3109,1629,0,"[""https://p3-pc-sign.douyinpic.com/image-cut-tos/dd7338162ad80783561b6ff254dedd55~tplv-dy-resize-origshort-autoq-75:330.jpeg?lk3s=138a59ce&x-expires=2093439600&x-signature=sJhxQo9klt0IpRlV0fA6HT3FE10%3D&from=327834062&s=PackSourceEnum_WEBPC_RELATED_AWEME&se=false&sc=cover&biz_tag=pcweb_cover&l=202605062314448316D2325C9808B4013C"", ""https://p9-pc-sign.douyinpic.com/image-cut-tos/dd7338162ad80783561b6ff254dedd55~tplv-dy-resize-origshort-autoq-75:330.jpeg?lk3s=138a59ce&x-expires=2093439600&x-signature=9AtZAxNT7xjXFiG%2FjeQMdsWECl8%3D&from=327834062&s=PackSourceEnum_WEBPC_RELATED_AWEME&se=false&sc=cover&biz_tag=pcweb_cover&l=202605062314448316D2325C9808B4013C""]",7627531128529849134,@Eliza小马多读书创作的原声,"[{""caption_end"": 5, ""caption_start"": 0, ""end"": 28, ""hashtag_id"": ""1569364387356674"", ""hashtag_name"": ""vlog"", ""is_commerce"": false, ""start"": 23, ""type"": 1}, {""caption_end"": 13, ""caption_start"": 6, ""end"": 36, ""hashtag_id"": ""7419051797869758527"", ""hashtag_name"": ""vlog日常"", ""is_commerce"": false, ""start"": 29, ""type"": 1}, {""caption_end"": 27, ""caption_start"": 14, ""end"": 50, ""hashtag_id"": ""1631751653335043"", ""hashtag_name"": ""vlog十亿流量扶持计划"", ""is_commerce"": false, ""start"": 37, ""type"": 1}, {""caption_end"": 38, ""caption_start"": 28, ""end"": 61, ""hashtag_id"": ""7529832653680281615"", ""hashtag_name"": ""青年创作者成长计划"", ""is_commerce"": false, ""start"": 51, ""type"": 1}, {""caption_end"": 44, ""caption_start"": 39, ""end"": 67, ""hashtag_id"": ""1582202461568014"", ""hashtag_name"": ""清华大学"", ""is_commerce"": false, ""start"": 62, ""type"": 1}]","[{""level"": 1, ""tag_id"": 2007, ""tag_name"": ""校园教育""}, {""level"": 2, ""tag_id"": 2007004, ""tag_name"": ""校园场景""}, {""level"": 3, ""tag_id"": 2007004002, ""tag_name"": ""生活""}]",
7624990104373376421,7624624827797753129,9,2026-05-06T23:14:33.686902,1700295558840179,MS4wLjABAAAAV5gLIwrXxELsg6gY42pb9tpzIGCMJYr7mTgHWK_-a49Rmb_2tZbrjmRxiM9i2-Q9,俊希,小学生挑战100元做五菜一汤！ #美食教程 #记录真实生活 #日常vlog,1775268000,422734,4,786996,29564,558730,71788,0,"[""https://p3-pc-sign.douyinpic.com/image-cut-tos-priv/06359943bb791c9d8833debfc42ccd9c~tplv-dy-resize-origshort-autoq-75:330.jpeg?lk3s=138a59ce&x-expires=2093439600&x-signature=luNB2WScb1wMM9a1JdjDJDZ78xs%3D&from=327834062&s=PackSourceEnum_WEBPC_RELATED_AWEME&se=false&sc=cover&biz_tag=pcweb_cover&l=202605062314448316D2325C9808B4013C"", ""https://p9-pc-sign.douyinpic.com/image-cut-tos-priv/06359943bb791c9d8833debfc42ccd9c~tplv-dy-resize-origshort-autoq-75:330.jpeg?lk3s=138a59ce&x-expires=2093439600&x-signature=JoEvLdOB%2FSUlS9eyaH5uuRHnSNQ%3D&from=327834062&s=PackSourceEnum_WEBPC_RELATED_AWEME&se=false&sc=cover&biz_tag=pcweb_cover&l=202605062314448316D2325C9808B4013C""]",7624624928540592938,@俊希创作的原声,"[{""caption_end"": 5, ""caption_start"": 0, ""end"": 21, ""hashtag_id"": ""1581688162541582"", ""hashtag_name"": ""美食教程"", ""is_commerce"": false, ""start"": 16, ""type"": 1}, {""caption_end"": 13, ""caption_start"": 6, ""end"": 29, ""hashtag_id"": ""1610220985271326"", ""hashtag_name"": ""记录真实生活"", ""is_commerce"": false, ""start"": 22, ""type"": 1}, {""caption_end"": 21, ""caption_start"": 14, ""end"": 37, ""hashtag_id"": ""1590567937582093"", ""hashtag_name"": ""日常vlog"", ""is_commerce"": false, ""start"": 30, ""type"": 1}]","[{""level"": 1, ""tag_id"": 2001, ""tag_name"": ""美食""}, {""level"": 2, ""tag_id"": 2001007, ""tag_name"": ""美食展示""}, {""level"": 3, ""tag_id"": 2001007001, ""tag_name"": ""普通美食展示""}]",
7625140333864586559,7611847393667737209,0,2026-05-06T23:14:51.382591,3705783614966292,MS4wLjABAAAAplxzw2s3rCp0xu0uaUaa32d0BHkVV1746hyIXnAPk9go4AgATPIrfEO7KVOlEq4y,小黄鸭的日常,🥣在家做饭真的很幸福！！！#一人食vlog #美食 #美食vlog #懒人美食 #今天晚餐长这样,1772271328,72334,4,33125,509,9007,10832,0,"[""https://p3-pc-sign.douyinpic.com/image-cut-tos/e954fe2a10b181cb0aa2708ec5d31f22~tplv-dy-resize-origshort-autoq-75:330.jpeg?lk3s=138a59ce&x-expires=2093439600&x-signature=N9nQLOr1f%2BYg6O%2FzE7shCdImNXg%3D&from=327834062&s=PackSourceEnum_WEBPC_RELATED_AWEME&se=false&sc=cover&biz_tag=pcweb_cover&l=202605062315010412EFF2AF7C302E5C52"", ""https://p9-pc-sign.douyinpic.com/image-cut-tos/e954fe2a10b181cb0aa2708ec5d31f22~tplv-dy-resize-origshort-autoq-75:330.jpeg?lk3s=138a59ce&x-expires=2093439600&x-signature=F11vwUL8ZS1BNPsh4AHPXOGDEZ8%3D&from=327834062&s=PackSourceEnum_WEBPC_RELATED_AWEME&se=false&sc=cover&biz_tag=pcweb_cover&l=202605062315010412EFF2AF7C302E5C52""]",7611847290690128681,@小黄鸭的日常创作的原声,"[{""caption_end"": 22, ""caption_start"": 14, ""end"": 22, ""hashtag_id"": ""1630882242180099"", ""hashtag_name"": ""一人食vlog"", ""is_commerce"": false, ""start"": 14, ""type"": 1}, {""caption_end"": 26, ""caption_start"": 23, ""end"": 26, ""hashtag_id"": ""1767586897793101"", ""hashtag_name"": ""美食"", ""is_commerce"": false, ""start"": 23, ""type"": 1}, {""caption_end"": 34, ""caption_start"": 27, ""end"": 34, ""hashtag_id"": ""1611139232130071"", ""hashtag_name"": ""美食vlog"", ""is_commerce"": false, ""start"": 27, ""type"": 1}, {""caption_end"": 40, ""caption_start"": 35, ""end"": 40, ""hashtag_id"": ""1582588874644493"", ""hashtag_name"": ""懒人美食"", ""is_commerce"": false, ""start"": 35, ""type"": 1}, {""caption_end"": 49, ""caption_start"": 41, ""end"": 49, ""hashtag_id"": ""1667665720094792"", ""hashtag_name"": ""今天晚餐长这样"", ""is_commerce"": false, ""start"": 41, ""type"": 1}]","[{""level"": 1, ""tag_id"": 2001, ""tag_name"": ""美食""}, {""level"": 2, ""tag_id"": 2001007, ""tag_name"": ""美食展示""}, {""level"": 3, ""tag_id"": 2001007001, ""tag_name"": ""普通美食展示""}]",
7625140333864586559,7620362169690983707,1,2026-05-06T23:14:51.382591,99640342155,MS4wLjABAAAAjTB_0WDBPV9MmflNfCcjknXd5_Wq1bO63VUMgYP1QuA,小紧张的虫虫,不用早起也能逛的东北早市，大冬天零上20度的户内早市！ #好好吃饭 #心动打卡指南,1774260004,849556,4,42267,1534,10432,3034,0,"[""https://p3-pc-sign.douyinpic.com/image-cut-tos/7e4bcaa9f19dc4e128315179ddd720e4~tplv-dy-resize-origshort-autoq-75:330.jpeg?lk3s=138a59ce&x-expires=2093439600&x-signature=0jYUhKJmC1fXFTvfCFVNrtkMgBs%3D&from=327834062&s=PackSourceEnum_WEBPC_RELATED_AWEME&se=false&sc=cover&biz_tag=pcweb_cover&l=202605062315010412EFF2AF7C302E5C52"", ""https://p9-pc-sign.douyinpic.com/image-cut-tos/7e4bcaa9f19dc4e128315179ddd720e4~tplv-dy-resize-origshort-autoq-75:330.jpeg?lk3s=138a59ce&x-expires=2093439600&x-signature=Jc5j3tGUmTSgxVpNIVHO3ZvR36M%3D&from=327834062&s=PackSourceEnum_WEBPC_RELATED_AWEME&se=false&sc=cover&biz_tag=pcweb_cover&l=202605062315010412EFF2AF7C302E5C52""]",7620362245591141171,@小紧张的虫虫创作的原声,"[{""caption_end"": 5, ""caption_start"": 0, ""end"": 33, ""hashtag_id"": ""1565468166951937"", ""hashtag_name"": ""好好吃饭"", ""is_commerce"": false, ""start"": 28, ""type"": 1}, {""caption_end"": 13, ""caption_start"": 6, ""end"": 41, ""hashtag_id"": ""7412941315874228274"", ""hashtag_name"": ""心动打卡指南"", ""is_commerce"": false, ""start"": 34, ""type"": 1}]","[{""level"": 1, ""tag_id"": 2001, ""tag_name"": ""美食""}, {""level"": 2, ""tag_id"": 2001003, ""tag_name"": ""美食探店""}, {""level"": 3, ""tag_id"": 2001003002, ""tag_name"": ""路边小吃""}]",
7625140333864586559,7628240869754249467,2,2026-05-06T23:14:51.382591,4183001391965087,MS4wLjABAAAAJUcrbPWd_aBeijv5UsPJ2Vuol8vaKQLoNdSIIJjAGlw9HdvIU7dJ9tjmyoi-RcyK,小轩在日本,工作一天有点累了，下班去镇上吃个快餐改善伙食，又是快乐的一晚#日本生活#日本#海外生活#生活记录#vlog日常,1776088232,410234,4,5393,449,353,520,0,"[""https://p3-pc-sign.douyinpic.com/image-cut-tos/ad0a53472c690d814e7274a44a6d3f00~tplv-dy-resize-origshort-autoq-75:330.jpeg?lk3s=138a59ce&x-expires=2093439600&x-signature=eW7cM49b2jzLkEGUSt%2Ba5sp%2FJF8%3D&from=327834062&s=PackSourceEnum_WEBPC_RELATED_AWEME&se=false&sc=cover&biz_tag=pcweb_cover&l=202605062315010412EFF2AF7C302E5C52"", ""https://p9-pc-sign.douyinpic.com/image-cut-tos/ad0a53472c690d814e7274a44a6d3f00~tplv-dy-resize-origshort-autoq-75:330.jpeg?lk3s=138a59ce&x-expires=2093439600&x-signature=XspMZTwVa5SqNQnfHurrMLPqZ5s%3D&from=327834062&s=PackSourceEnum_WEBPC_RELATED_AWEME&se=false&sc=cover&biz_tag=pcweb_cover&l=202605062315010412EFF2AF7C302E5C52""]",7628240772002368290,@小轩在日本创作的原声,"[{""caption_end"": 35, ""caption_start"": 30, ""end"": 35, ""hashtag_id"": ""7597475104414500910"", ""hashtag_name"": ""日本生活"", ""is_commerce"": false, ""start"": 30, ""type"": 1}, {""caption_end"": 38, ""caption_start"": 35, ""end"": 38, ""hashtag_id"": ""1727228281468928"", ""hashtag_name"": ""日本"", ""is_commerce"": false, ""start"": 35, ""type"": 1}, {""caption_end"": 43, ""caption_start"": 38, ""end"": 43, ""hashtag_id"": ""1597381572062215"", ""hashtag_name"": ""海外生活"", ""is_commerce"": false, ""start"": 38, ""type"": 1}, {""caption_end"": 48, ""caption_start"": 43, ""end"": 48, ""hashtag_id"": ""1575774193951758"", ""hashtag_name"": ""生活记录"", ""is_commerce"": false, ""start"": 43, ""type"": 1}]","[{""level"": 1, ""tag_id"": 2029, ""tag_name"": ""随拍""}, {""level"": 2, ""tag_id"": 2029003, ""tag_name"": ""生活记录""}, {""level"": 3, ""tag_id"": 2029003001, ""tag_name"": ""日常vlog""}]",
7625140333864586559,7619196190038560054,3,2026-05-06T23:14:51.382591,96492518134,MS4wLjABAAAAGEing_IBAy7lBfUhiMBq7BoqqdE-FMaL_GSCOKEXBz0,小岳来了24,49块搞定全套碳水大餐！在出租屋实现披萨炸鸡自由 #上海打工人 #出租屋美食 #沪漂生活 #下班快乐 #平价美食,1774001160,678000,4,12830,184,2020,2007,0,"[""https://p3-pc-sign.douyinpic.com/image-cut-tos/948a9fe5038b892d9f5c3c6bc086e264~tplv-dy-resize-origshort-autoq-75:330.jpeg?lk3s=138a59ce&x-expires=2093439600&x-signature=8Emjf9ZNGlU8qLptygD6%2BDcGe6o%3D&from=327834062&s=PackSourceEnum_WEBPC_RELATED_AWEME&se=false&sc=cover&biz_tag=pcweb_cover&l=202605062315010412EFF2AF7C302E5C52"", ""https://p9-pc-sign.douyinpic.com/image-cut-tos/948a9fe5038b892d9f5c3c6bc086e264~tplv-dy-resize-origshort-autoq-75:330.jpeg?lk3s=138a59ce&x-expires=2093439600&x-signature=Rzx68Ah2HapYFCXqe7BQqdzxAvk%3D&from=327834062&s=PackSourceEnum_WEBPC_RELATED_AWEME&se=false&sc=cover&biz_tag=pcweb_cover&l=202605062315010412EFF2AF7C302E5C52""]",7619196220703083318,@小岳来了24创作的原声,"[{""caption_end"": 6, ""caption_start"": 0, ""end"": 31, ""hashtag_id"": ""1674001758754830"", ""hashtag_name"": ""上海打工人"", ""is_commerce"": false, ""start"": 25, ""type"": 1}, {""caption_end"": 13, ""caption_start"": 7, ""end"": 38, ""hashtag_id"": ""1681888305663053"", ""hashtag_name"": ""出租屋美食"", ""is_commerce"": false, ""start"": 32, ""type"": 1}, {""caption_end"": 19, ""caption_start"": 14, ""end"": 44, ""hashtag_id"": ""1621559257910279"", ""hashtag_name"": ""沪漂生活"", ""is_commerce"": false, ""start"": 39, ""type"": 1}, {""caption_end"": 25, ""caption_start"": 20, ""end"": 50, ""hashtag_id"": ""1589672991984648"", ""hashtag_name"": ""下班快乐"", ""is_commerce"": false, ""start"": 45, ""type"": 1}, {""caption_end"": 31, ""caption_start"": 26, ""end"": 56, ""hashtag_id"": ""1665997768563725"", ""hashtag_name"": ""平价美食"", ""is_commerce"": false, ""start"": 51, ""type"": 1}]","[{""level"": 1, ""tag_id"": 2001, ""tag_name"": ""美食""}, {""level"": 2, ""tag_id"": 2001007, ""tag_name"": ""美食展示""}, {""level"": 3, ""tag_id"": 2001007001, ""tag_name"": ""普通美食展示""}]",
7625140333864586559,7613041767117748314,4,2026-05-06T23:14:51.382591,91947002911,MS4wLjABAAAAqYSXktDuRqtVwCkzUvRszF-hoXXReVV_7Sc6yg9plVs,卜家大姐,元宵节吃汤圆 团子寓意团团圆圆 ！年已过完，各就各位，努力吧！开启新一年的牛马生活，2026向钱看，向厚赚。#vlog日常 #祝你马上成功马上发 #亲人相聚#分享日常生活,1772579520,373678,4,9226,185,97,121,0,"[""https://p9-pc-sign.douyinpic.com/image-cut-tos/546e729015d16d931777d0c72093adbb~tplv-dy-resize-origshort-autoq-75:330.jpeg?lk3s=138a59ce&x-expires=2093439600&x-signature=odIM7Qh%2Bjf4gZ1LPfcUqxV92pCQ%3D&from=327834062&s=PackSourceEnum_WEBPC_RELATED_AWEME&se=false&sc=cover&biz_tag=pcweb_cover&l=202605062315010412EFF2AF7C302E5C52"", ""https://p3-pc-sign.douyinpic.com/image-cut-tos/546e729015d16d931777d0c72093adbb~tplv-dy-resize-origshort-autoq-75:330.jpeg?lk3s=138a59ce&x-expires=2093439600&x-signature=2d7NQ1p5jG%2FR9OChOdbqgI0rOTQ%3D&from=327834062&s=PackSourceEnum_WEBPC_RELATED_AWEME&se=false&sc=cover&biz_tag=pcweb_cover&l=202605062315010412EFF2AF7C302E5C52""]",7613041863666502426,@卜家大姐创作的原声,"[{""caption_end"": 61, ""caption_start"": 54, ""end"": 61, ""hashtag_id"": ""7419051797869758527"", ""hashtag_name"": ""vlog日常"", ""is_commerce"": false, ""start"": 54, ""type"": 1}, {""caption_end"": 72, ""caption_start"": 62, ""end"": 72, ""hashtag_id"": ""7602903537604888611"", ""hashtag_name"": ""祝你马上成功马上发"", ""is_commerce"": true, ""start"": 62, ""type"": 1}, {""caption_end"": 78, ""caption_start"": 73, ""end"": 78, ""hashtag_id"": ""1620281504844807"", ""hashtag_name"": ""亲人相聚"", ""is_commerce"": false, ""start"": 73, ""type"": 1}, {""caption_end"": 85, ""caption_start"": 78, ""end"": 85, ""hashtag_id"": ""1604269290687496"", ""hashtag_name"": ""分享日常生活"", ""is_commerce"": false, ""start"": 78, ""type"": 1}]","[{""level"": 1, ""tag_id"": 2029, ""tag_name"": ""随拍""}, {""level"": 2, ""tag_id"": 2029003, ""tag_name"": ""生活记录""}, {""level"": 3, ""tag_id"": 2029003001, ""tag_name"": ""日常vlog""}]",
7625140333864586559,7617743189948042546,5,2026-05-06T23:14:51.382591,96492518134,MS4wLjABAAAAGEing_IBAy7lBfUhiMBq7BoqqdE-FMaL_GSCOKEXBz0,小岳来了24,上海物价很高么？下班花10元吃三个菜有荤有素 #上海美食 #打工人晚餐 #10元美食 #出租屋美食 #沪漂生活vlog,1773656100,644034,4,26712,686,5395,2783,0,"[""https://p3-pc-sign.douyinpic.com/image-cut-tos/09a84ad808d2ae6123353cb11225180f~tplv-dy-resize-origshort-autoq-75:330.jpeg?lk3s=138a59ce&x-expires=2093439600&x-signature=7mmvAfm%2BTFXymU8KIWgyPQ69QlU%3D&from=327834062&s=PackSourceEnum_WEBPC_RELATED_AWEME&se=false&sc=cover&biz_tag=pcweb_cover&l=202605062315010412EFF2AF7C302E5C52"", ""https://p9-pc-sign.douyinpic.com/image-cut-tos/09a84ad808d2ae6123353cb11225180f~tplv-dy-resize-origshort-autoq-75:330.jpeg?lk3s=138a59ce&x-expires=2093439600&x-signature=ySbopFyPlYkc59e3CGNGCk3UQT4%3D&from=327834062&s=PackSourceEnum_WEBPC_RELATED_AWEME&se=false&sc=cover&biz_tag=pcweb_cover&l=202605062315010412EFF2AF7C302E5C52""]",7617743200689654574,@小岳来了24创作的原声,"[{""caption_end"": 5, ""caption_start"": 0, ""end"": 28, ""hashtag_id"": ""1590213286008839"", ""hashtag_name"": ""上海美食"", ""is_commerce"": false, ""start"": 23, ""type"": 1}, {""caption_end"": 12, ""caption_start"": 6, ""end"": 35, ""hashtag_id"": ""1683961293804584"", ""hashtag_name"": ""打工人晚餐"", ""is_commerce"": false, ""start"": 29, ""type"": 1}, {""caption_end"": 19, ""caption_start"": 13, ""end"": 42, ""hashtag_id"": ""1727257913634903"", ""hashtag_name"": ""10元美食"", ""is_commerce"": false, ""start"": 36, ""type"": 1}, {""caption_end"": 26, ""caption_start"": 20, ""end"": 49, ""hashtag_id"": ""1681888305663053"", ""hashtag_name"": ""出租屋美食"", ""is_commerce"": false, ""start"": 43, ""type"": 1}, {""caption_end"": 36, ""caption_start"": 27, ""end"": 59, ""hashtag_id"": ""1639581334289420"", ""hashtag_name"": ""沪漂生活vlog"", ""is_commerce"": false, ""start"": 50, ""type"": 1}]","[{""level"": 1, ""tag_id"": 2001, ""tag_name"": ""美食""}, {""level"": 2, ""tag_id"": 2001007, ""tag_name"": ""美食展示""}, {""level"": 3, ""tag_id"": 2001007001, ""tag_name"": ""普通美食展示""}]",
7625140333864586559,7627459398679481636,6,2026-05-06T23:14:51.382591,1631289158940536,MS4wLjABAAAAUDur2EISFizgSmBO8KesGpGh0a6VGm1qETJTeABzcFRa86vvQh70uFUhzAZtjEWY,宅胖子,济南美食——22顿不踩雷攻略，济南总是给人一种淡淡的幸福感 牛肉烧饼 鸡蛋包 甜沫 把子肉 肥蛤 麻辣串 鸭肚饼 朝鲜面 麻糍 芝麻火烧 拉面 包子 扇贝饼 米线 馄饨 地瓜饼 油旋儿 酸蘸儿 #济南 #济南美食 #山东 #济南济南,1775906292,446500,4,22202,3054,20396,14558,0,"[""https://p3-pc-sign.douyinpic.com/image-cut-tos/c2a9ca5ee05a13d17426fa17e4734688~tplv-dy-resize-origshort-autoq-75:330.jpeg?lk3s=138a59ce&x-expires=2093439600&x-signature=%2Fm1fshZt0AGZQ7KStif7X9g0kUU%3D&from=327834062&s=PackSourceEnum_WEBPC_RELATED_AWEME&se=false&sc=cover&biz_tag=pcweb_cover&l=202605062315010412EFF2AF7C302E5C52"", ""https://p9-pc-sign.douyinpic.com/image-cut-tos/c2a9ca5ee05a13d17426fa17e4734688~tplv-dy-resize-origshort-autoq-75:330.jpeg?lk3s=138a59ce&x-expires=2093439600&x-signature=NIM5MR2czodO4HlfhkTo%2FqFKB8A%3D&from=327834062&s=PackSourceEnum_WEBPC_RELATED_AWEME&se=false&sc=cover&biz_tag=pcweb_cover&l=202605062315010412EFF2AF7C302E5C52""]",7627641393111960366,@宅胖子创作的原声,"[{""caption_end"": 70, ""caption_start"": 67, ""end"": 100, ""hashtag_id"": ""1573705735908366"", ""hashtag_name"": ""济南"", ""is_commerce"": false, ""start"": 97, ""type"": 1}, {""caption_end"": 76, ""caption_start"": 71, ""end"": 106, ""hashtag_id"": ""1589646750185480"", ""hashtag_name"": ""济南美食"", ""is_commerce"": false, ""start"": 101, ""type"": 1}, {""caption_end"": 80, ""caption_start"": 77, ""end"": 110, ""hashtag_id"": ""1571898873497602"", ""hashtag_name"": ""山东"", ""is_commerce"": false, ""start"": 107, ""type"": 1}, {""caption_end"": 86, ""caption_start"": 81, ""end"": 116, ""hashtag_id"": ""1584558910583822"", ""hashtag_name"": ""济南济南"", ""is_commerce"": false, ""start"": 111, ""type"": 1}]","[{""level"": 1, ""tag_id"": 2001, ""tag_name"": ""美食""}, {""level"": 2, ""tag_id"": 2001003, ""tag_name"": ""美食探店""}, {""level"": 3, ""tag_id"": 2001003001, ""tag_name"": ""餐厅探店""}]",
7625140333864586559,7636322099321113899,7,2026-05-06T23:14:51.382591,71141264093,MS4wLjABAAAAPY5baaqYGZZHDfquIJbRWYxnOLAh2Z6ze-4YzVO18ns,馋大鑫,据说四块木炭和纸箱搭建的烤箱，居然能做出脆皮烤鸡，真的吗？ #烤鸡 #纸箱烤鸡 #美食 #烤肉 #vlog,1777977000,461967,4,29077,771,5471,3794,0,"[""https://p9-pc-sign.douyinpic.com/image-cut-tos/72f19b93f662379e5a82e11f28e6bcbc~tplv-dy-resize-origshort-autoq-75:330.jpeg?lk3s=138a59ce&x-expires=2093439600&x-signature=QQjXlMbnIE5wypF8w4Nfc3%2FhxhY%3D&from=327834062&s=PackSourceEnum_WEBPC_RELATED_AWEME&se=false&sc=cover&biz_tag=pcweb_cover&l=202605062315010412EFF2AF7C302E5C52"", ""https://p3-pc-sign.douyinpic.com/image-cut-tos/72f19b93f662379e5a82e11f28e6bcbc~tplv-dy-resize-origshort-autoq-75:330.jpeg?lk3s=138a59ce&x-expires=2093439600&x-signature=rlCfpU%2FinS%2B9Nr%2FW8YFuEWUqP78%3D&from=327834062&s=PackSourceEnum_WEBPC_RELATED_AWEME&se=false&sc=cover&biz_tag=pcweb_cover&l=202605062315010412EFF2AF7C302E5C52""]",7636322257266412330,@馋大鑫创作的原声,"[{""caption_end"": 3, ""caption_start"": 0, ""end"": 33, ""hashtag_id"": ""1554026863105025"", ""hashtag_name"": ""烤鸡"", ""is_commerce"": false, ""start"": 30, ""type"": 1}, {""caption_end"": 9, ""caption_start"": 4, ""end"": 39, ""hashtag_id"": ""7443059389412198400"", ""hashtag_name"": ""纸箱烤鸡"", ""is_commerce"": false, ""start"": 34, ""type"": 1}, {""caption_end"": 13, ""caption_start"": 10, ""end"": 43, ""hashtag_id"": ""1767586897793101"", ""hashtag_name"": ""美食"", ""is_commerce"": false, ""start"": 40, ""type"": 1}, {""caption_end"": 17, ""caption_start"": 14, ""end"": 47, ""hashtag_id"": ""1767586493528142"", ""hashtag_name"": ""烤肉"", ""is_commerce"": false, ""start"": 44, ""type"": 1}, {""caption_end"": 23, ""caption_start"": 18, ""end"": 53, ""hashtag_id"": ""1569364387356674"", ""hashtag_name"": ""vlog"", ""is_commerce"": false, ""start"": 48, ""type"": 1}]","[{""level"": 1, ""tag_id"": 2001, ""tag_name"": ""美食""}, {""level"": 2, ""tag_id"": 2001007, ""tag_name"": ""美食展示""}, {""level"": 3, ""tag_id"": 2001007001, ""tag_name"": ""普通美食展示""}]",
7625140333864586559,7633823209968030393,8,2026-05-06T23:14:51.382591,4183001391965087,MS4wLjABAAAAJUcrbPWd_aBeijv5UsPJ2Vuol8vaKQLoNdSIIJjAGlw9HdvIU7dJ9tjmyoi-RcyK,小轩在日本,明天开始放八天小长假，小伙下班后去超市买菜，自己做个双拼盖浇饭#日本生活#日本#生活记录#vlog日常 #海外生活,1777387973,670434,4,13227,1269,3309,1082,0,"[""https://p3-pc-sign.douyinpic.com/image-cut-tos/61b18e093d4a51d7d182846a8d3894e3~tplv-dy-resize-origshort-autoq-75:330.jpeg?lk3s=138a59ce&x-expires=2093439600&x-signature=n%2FhCFZZDEH69DAOIfocqAn56ydY%3D&from=327834062&s=PackSourceEnum_WEBPC_RELATED_AWEME&se=false&sc=cover&biz_tag=pcweb_cover&l=202605062315010412EFF2AF7C302E5C52"", ""https://p9-pc-sign.douyinpic.com/image-cut-tos/61b18e093d4a51d7d182846a8d3894e3~tplv-dy-resize-origshort-autoq-75:330.jpeg?lk3s=138a59ce&x-expires=2093439600&x-signature=pnWfJt%2F9LZSzjVaT0QvyTVz52fw%3D&from=327834062&s=PackSourceEnum_WEBPC_RELATED_AWEME&se=false&sc=cover&biz_tag=pcweb_cover&l=202605062315010412EFF2AF7C302E5C52""]",7633823199729388342,@小轩在日本创作的原声,"[{""caption_end"": 36, ""caption_start"": 31, ""end"": 36, ""hashtag_id"": ""7597475104414500910"", ""hashtag_name"": ""日本生活"", ""is_commerce"": false, ""start"": 31, ""type"": 1}, {""caption_end"": 39, ""caption_start"": 36, ""end"": 39, ""hashtag_id"": ""1727228281468928"", ""hashtag_name"": ""日本"", ""is_commerce"": false, ""start"": 36, ""type"": 1}, {""caption_end"": 44, ""caption_start"": 39, ""end"": 44, ""hashtag_id"": ""1575774193951758"", ""hashtag_name"": ""生活记录"", ""is_commerce"": false, ""start"": 39, ""type"": 1}, {""caption_end"": 51, ""caption_start"": 44, ""end"": 51, ""hashtag_id"": ""7419051797869758527"", ""hashtag_name"": ""vlog日常"", ""is_commerce"": false, ""start"": 44, ""type"": 1}, {""caption_end"": 57, ""caption_start"": 52, ""end"": 57, ""hashtag_id"": ""1597381572062215"", ""hashtag_name"": ""海外生活"", ""is_commerce"": false, ""start"": 52, ""type"": 1}]","[{""level"": 1, ""tag_id"": 2029, ""tag_name"": ""随拍""}, {""level"": 2, ""tag_id"": 2029003, ""tag_name"": ""生活记录""}, {""level"": 3, ""tag_id"": 2029003001, ""tag_name"": ""日常vlog""}]",
7625140333864586559,7634165381070045011,9,2026-05-06T23:14:51.382591,75594882257,MS4wLjABAAAAtaJabIA5dEsUm90oxgQqzmicJcN-W1SC05rYBuhbxaY,莫默,烟火相伴的一日三餐｜一桌可口的家常菜，一家人围坐一起， 幸福就是这么简单｜#家常菜 #日常vlog,1777467639,546667,4,6906,217,352,929,0,"[""https://p3-pc-sign.douyinpic.com/image-cut-tos-priv/0d255fb6fdf67cf111233bafbda589cc~tplv-dy-resize-origshort-autoq-75:330.jpeg?lk3s=138a59ce&x-expires=2093439600&x-signature=24GwHfWQ7Ne9B3Z9ADEX420HJoA%3D&from=327834062&s=PackSourceEnum_WEBPC_RELATED_AWEME&se=false&sc=cover&biz_tag=pcweb_cover&l=202605062315010412EFF2AF7C302E5C52"", ""https://p9-pc-sign.douyinpic.com/image-cut-tos-priv/0d255fb6fdf67cf111233bafbda589cc~tplv-dy-resize-origshort-autoq-75:330.jpeg?lk3s=138a59ce&x-expires=2093439600&x-signature=feSXXDf0UmvX27NEJHHKzeYS1eA%3D&from=327834062&s=PackSourceEnum_WEBPC_RELATED_AWEME&se=false&sc=cover&biz_tag=pcweb_cover&l=202605062315010412EFF2AF7C302E5C52""]",7634165384496614207,@莫默创作的原声,"[{""caption_end"": 13, ""caption_start"": 9, ""end"": 41, ""hashtag_id"": ""1767587367821390"", ""hashtag_name"": ""家常菜"", ""is_commerce"": false, ""start"": 37, ""type"": 1}, {""caption_end"": 21, ""caption_start"": 14, ""end"": 49, ""hashtag_id"": ""1590567937582093"", ""hashtag_name"": ""日常vlog"", ""is_commerce"": false, ""start"": 42, ""type"": 1}]","[{""level"": 1, ""tag_id"": 2001, ""tag_name"": ""美食""}, {""level"": 2, ""tag_id"": 2001007, ""tag_name"": ""美食展示""}, {""level"": 3, ""tag_id"": 2001007001, ""tag_name"": ""普通美食展示""}]",
7625266759122124394,7608230267609730345,0,2026-05-06T23:15:04.636051,1555178095650588,MS4wLjABAAAAQEB1BpLqEdpo4hkiiFvMBO2RXVKnzvSM2e0RaUgXMtKxPnZ--Df0dU3B6rpxtOpQ,荒野阿吹,荒野建造｜暴雨中的荒野露营，沉浸式治愈你的深夜 #荒野建造#荒野求生#庇护所建造#助眠#解压,1771429343,717400,4,4157,226,852,734,0,"[""https://p3-pc-sign.douyinpic.com/image-cut-tos/2dee08f52e42554ef6ab31edc541cf0a~tplv-dy-resize-origshort-autoq-75:330.jpeg?lk3s=138a59ce&x-expires=2093439600&x-signature=xj6IqwGoxgpHDYS%2Bhv0YefQtiUg%3D&from=327834062&s=PackSourceEnum_WEBPC_RELATED_AWEME&se=false&sc=cover&biz_tag=pcweb_cover&l=20260506231514177DCEF3944F96FB328F"", ""https://p9-pc-sign.douyinpic.com/image-cut-tos/2dee08f52e42554ef6ab31edc541cf0a~tplv-dy-resize-origshort-autoq-75:330.jpeg?lk3s=138a59ce&x-expires=2093439600&x-signature=raMBaGn%2FCZ9xepW5o6JJlYYK%2BgQ%3D&from=327834062&s=PackSourceEnum_WEBPC_RELATED_AWEME&se=false&sc=cover&biz_tag=pcweb_cover&l=20260506231514177DCEF3944F96FB328F""]",7608231223374285618,@荒野阿吹创作的原声,"[{""caption_end"": 5, ""caption_start"": 0, ""end"": 29, ""hashtag_id"": ""1660392949605383"", ""hashtag_name"": ""荒野建造"", ""is_commerce"": false, ""start"": 24, ""type"": 1}, {""caption_end"": 10, ""caption_start"": 5, ""end"": 34, ""hashtag_id"": ""1581649203402766"", ""hashtag_name"": ""荒野求生"", ""is_commerce"": false, ""start"": 29, ""type"": 1}, {""caption_end"": 16, ""caption_start"": 10, ""end"": 40, ""hashtag_id"": ""1708249386732556"", ""hashtag_name"": ""庇护所建造"", ""is_commerce"": false, ""start"": 34, ""type"": 1}, {""caption_end"": 19, ""caption_start"": 16, ""end"": 43, ""hashtag_id"": ""1571776774676482"", ""hashtag_name"": ""助眠"", ""is_commerce"": false, ""start"": 40, ""type"": 1}, {""caption_end"": 22, ""caption_start"": 19, ""end"": 46, ""hashtag_id"": ""1565750948717570"", ""hashtag_name"": ""解压"", ""is_commerce"": false, ""start"": 43, ""type"": 1}]","[{""level"": 1, ""tag_id"": 2029, ""tag_name"": ""随拍""}, {""level"": 2, ""tag_id"": 2029003, ""tag_name"": ""生活记录""}, {""level"": 3, ""tag_id"": 2029003001, ""tag_name"": ""日常vlog""}]",
7625266759122124394,7621895042076249353,1,2026-05-06T23:15:04.636051,87137396204,MS4wLjABAAAAPj4K0HRsDV5w0VVjsnGqaXR47NyP-ZzzvJQaZea1yI8,Aka亚伦狄龙,暴雨天野外露营，在小车上搭建帐篷露营房车，和小狗度过雨天！ #户外露营 #暴雨露营 #帐篷露营,1774610741,339267,4,55517,643,34591,10024,0,"[""https://p9-pc-sign.douyinpic.com/image-cut-tos/4ac1463fa9be2836b47864685002d1bf~tplv-dy-resize-origshort-autoq-75:330.jpeg?lk3s=138a59ce&x-expires=2093439600&x-signature=yQz1wznxFLcXZEMVhTsC8Jk01g0%3D&from=327834062&s=PackSourceEnum_WEBPC_RELATED_AWEME&se=false&sc=cover&biz_tag=pcweb_cover&l=20260506231514177DCEF3944F96FB328F"", ""https://p3-pc-sign.douyinpic.com/image-cut-tos/4ac1463fa9be2836b47864685002d1bf~tplv-dy-resize-origshort-autoq-75:330.jpeg?lk3s=138a59ce&x-expires=2093439600&x-signature=%2Be4c9Qpdxt2TU6V%2FiVU9tnME%2F%2Bk%3D&from=327834062&s=PackSourceEnum_WEBPC_RELATED_AWEME&se=false&sc=cover&biz_tag=pcweb_cover&l=20260506231514177DCEF3944F96FB328F""]",7621895125370686227,@Aka亚伦狄龙创作的原声,"[{""caption_end"": 5, ""caption_start"": 0, ""end"": 35, ""hashtag_id"": ""1601409194763277"", ""hashtag_name"": ""户外露营"", ""is_commerce"": false, ""start"": 30, ""type"": 1}, {""caption_end"": 11, ""caption_start"": 6, ""end"": 41, ""hashtag_id"": ""1676081561694221"", ""hashtag_name"": ""暴雨露营"", ""is_commerce"": false, ""start"": 36, ""type"": 1}, {""caption_end"": 17, ""caption_start"": 12, ""end"": 47, ""hashtag_id"": ""1609181367023630"", ""hashtag_name"": ""帐篷露营"", ""is_commerce"": false, ""start"": 42, ""type"": 1}]","[{""level"": 1, ""tag_id"": 2029, ""tag_name"": ""随拍""}, {""level"": 2, ""tag_id"": 2029003, ""tag_name"": ""生活记录""}, {""level"": 3, ""tag_id"": 2029003001, ""tag_name"": ""日常vlog""}]",
7625266759122124394,7609678524055702803,2,2026-05-06T23:15:04.636051,2795426961439529,MS4wLjABAAAALH4ERWbfgAOtczN7z3lpGql4fZcwKLNGZAGRdckzmhCe5gUyHAWb_4aNMv9y9zXE,子由荒野,雪夜房车露营，简单生活治愈失眠 #户外露营  #露营美食  #解压  #荒野露营  #雪天露营,1771766537,432357,4,1751,52,224,491,0,"[""https://p3-pc-sign.douyinpic.com/image-cut-tos/3b6344dae327c34a54afcd6d0f7e23f5~tplv-dy-resize-origshort-autoq-75:330.jpeg?lk3s=138a59ce&x-expires=2093439600&x-signature=4sdY7GIHk%2FR9TYMQy1OLpn71vHQ%3D&from=327834062&s=PackSourceEnum_WEBPC_RELATED_AWEME&se=false&sc=cover&biz_tag=pcweb_cover&l=20260506231514177DCEF3944F96FB328F"", ""https://p9-pc-sign.douyinpic.com/image-cut-tos/3b6344dae327c34a54afcd6d0f7e23f5~tplv-dy-resize-origshort-autoq-75:330.jpeg?lk3s=138a59ce&x-expires=2093439600&x-signature=441PiMG%2BWorJdlJmJjmSN5XAchQ%3D&from=327834062&s=PackSourceEnum_WEBPC_RELATED_AWEME&se=false&sc=cover&biz_tag=pcweb_cover&l=20260506231514177DCEF3944F96FB328F""]",7609679346466589481,@子由荒野创作的原声,"[{""caption_end"": 5, ""caption_start"": 0, ""end"": 21, ""hashtag_id"": ""1601409194763277"", ""hashtag_name"": ""户外露营"", ""is_commerce"": false, ""start"": 16, ""type"": 1}, {""caption_end"": 12, ""caption_start"": 7, ""end"": 28, ""hashtag_id"": ""1641198291973128"", ""hashtag_name"": ""露营美食"", ""is_commerce"": false, ""start"": 23, ""type"": 1}, {""caption_end"": 17, ""caption_start"": 14, ""end"": 33, ""hashtag_id"": ""1565750948717570"", ""hashtag_name"": ""解压"", ""is_commerce"": false, ""start"": 30, ""type"": 1}, {""caption_end"": 24, ""caption_start"": 19, ""end"": 40, ""hashtag_id"": ""1661061183760398"", ""hashtag_name"": ""荒野露营"", ""is_commerce"": false, ""start"": 35, ""type"": 1}, {""caption_end"": 31, ""caption_start"": 26, ""end"": 47, ""hashtag_id"": ""1711498481647623"", ""hashtag_name"": ""雪天露营"", ""is_commerce"": false, ""start"": 42, ""type"": 1}]","[{""level"": 1, ""tag_id"": 2029, ""tag_name"": ""随拍""}, {""level"": 2, ""tag_id"": 2029003, ""tag_name"": ""生活记录""}, {""level"": 3, ""tag_id"": 2029003001, ""tag_name"": ""日常vlog""}]",
7625266759122124394,7622187897608817960,3,2026-05-06T23:15:04.636051,1942193311581978,MS4wLjABAAAAHJvYNxDqkINNf1WMJBY-vvRMxxdHpmzStwd9EOpUqPz25hWsylB_d7aJ6YM98-1h,荒野阿博,谁能拒绝深夜失眠时，刷上一集解压的暴雨天露营！#荒野建造 #野外生存 #暴雨露营 #解压助眠 #户外,1774701000,672000,4,9325,196,1555,1989,0,"[""https://p3-pc-sign.douyinpic.com/image-cut-tos/38dd7f05148a2012f8e56189c127d0c6~tplv-dy-resize-origshort-autoq-75:330.jpeg?lk3s=138a59ce&x-expires=2093439600&x-signature=oPR8YB%2BGRT0uJxe0BQJpDN%2BFzP4%3D&from=327834062&s=PackSourceEnum_WEBPC_RELATED_AWEME&se=false&sc=cover&biz_tag=pcweb_cover&l=20260506231514177DCEF3944F96FB328F"", ""https://p9-pc-sign.douyinpic.com/image-cut-tos/38dd7f05148a2012f8e56189c127d0c6~tplv-dy-resize-origshort-autoq-75:330.jpeg?lk3s=138a59ce&x-expires=2093439600&x-signature=wRsTq9bfGvt2WcF4wzvaNUMGgRw%3D&from=327834062&s=PackSourceEnum_WEBPC_RELATED_AWEME&se=false&sc=cover&biz_tag=pcweb_cover&l=20260506231514177DCEF3944F96FB328F""]",7622188170922265395,@荒野阿博创作的原声,"[{""caption_end"": 28, ""caption_start"": 23, ""end"": 28, ""hashtag_id"": ""1660392949605383"", ""hashtag_name"": ""荒野建造"", ""is_commerce"": false, ""start"": 23, ""type"": 1}, {""caption_end"": 34, ""caption_start"": 29, ""end"": 34, ""hashtag_id"": ""1572729383014429"", ""hashtag_name"": ""野外生存"", ""is_commerce"": false, ""start"": 29, ""type"": 1}, {""caption_end"": 40, ""caption_start"": 35, ""end"": 40, ""hashtag_id"": ""1676081561694221"", ""hashtag_name"": ""暴雨露营"", ""is_commerce"": false, ""start"": 35, ""type"": 1}, {""caption_end"": 46, ""caption_start"": 41, ""end"": 46, ""hashtag_id"": ""1655799747787783"", ""hashtag_name"": ""解压助眠"", ""is_commerce"": false, ""start"": 41, ""type"": 1}, {""caption_end"": 50, ""caption_start"": 47, ""end"": 50, ""hashtag_id"": ""1571073586904066"", ""hashtag_name"": ""户外"", ""is_commerce"": false, ""start"": 47, ""type"": 1}]","[{""level"": 1, ""tag_id"": 2029, ""tag_name"": ""随拍""}, {""level"": 2, ""tag_id"": 2029003, ""tag_name"": ""生活记录""}, {""level"": 3, ""tag_id"": 2029003001, ""tag_name"": ""日常vlog""}]",
7625266759122124394,7626404212452101419,4,2026-05-06T23:15:04.636051,1593634106654458,MS4wLjABAAAAwtYoJLfHpwTVb9lc0Yin_Rfb-H_uzdGDr728pSBsMCyQBkBPlkRxzerAVdLwoaIZ,荒野小徐,第十六集 谁能拒绝失眠的时候，刷上一集解压的暴雨露营呢！#荒野建造#野外生存#暴雨露营#解压助眠#户外露营,1775660614,925503,4,4317,81,599,769,0,"[""https://p3-pc-sign.douyinpic.com/image-cut-tos-priv/5cf517a335ad53a685ccf5bad0cf1c72~tplv-dy-resize-origshort-autoq-75:330.jpeg?lk3s=138a59ce&x-expires=2093439600&x-signature=6ayijkhtr0XvXN7SFitxyL8sRMA%3D&from=327834062&s=PackSourceEnum_WEBPC_RELATED_AWEME&se=false&sc=cover&biz_tag=pcweb_cover&l=20260506231514177DCEF3944F96FB328F"", ""https://p9-pc-sign.douyinpic.com/image-cut-tos-priv/5cf517a335ad53a685ccf5bad0cf1c72~tplv-dy-resize-origshort-autoq-75:330.jpeg?lk3s=138a59ce&x-expires=2093439600&x-signature=wStp6eBGqG1TZVpRsIkluGIhDZc%3D&from=327834062&s=PackSourceEnum_WEBPC_RELATED_AWEME&se=false&sc=cover&biz_tag=pcweb_cover&l=20260506231514177DCEF3944F96FB328F""]",7626404525938952996,@荒野小徐创作的原声,"[{""caption_end"": 28, ""caption_start"": 23, ""end"": 33, ""hashtag_id"": ""1660392949605383"", ""hashtag_name"": ""荒野建造"", ""is_commerce"": false, ""start"": 28, ""type"": 1}, {""caption_end"": 33, ""caption_start"": 28, ""end"": 38, ""hashtag_id"": ""1572729383014429"", ""hashtag_name"": ""野外生存"", ""is_commerce"": false, ""start"": 33, ""type"": 1}, {""caption_end"": 38, ""caption_start"": 33, ""end"": 43, ""hashtag_id"": ""1676081561694221"", ""hashtag_name"": ""暴雨露营"", ""is_commerce"": false, ""start"": 38, ""type"": 1}, {""caption_end"": 43, ""caption_start"": 38, ""end"": 48, ""hashtag_id"": ""1655799747787783"", ""hashtag_name"": ""解压助眠"", ""is_commerce"": false, ""start"": 43, ""type"": 1}, {""caption_end"": 48, ""caption_start"": 43, ""end"": 53, ""hashtag_id"": ""1601409194763277"", ""hashtag_name"": ""户外露营"", ""is_commerce"": false, ""start"": 48, ""type"": 1}]","[{""level"": 1, ""tag_id"": 2029, ""tag_name"": ""随拍""}, {""level"": 2, ""tag_id"": 2029003, ""tag_name"": ""生活记录""}, {""level"": 3, ""tag_id"": 2029003001, ""tag_name"": ""日常vlog""}]",
7625266759122124394,7620395402382167323,5,2026-05-06T23:15:04.636051,1942193311581978,MS4wLjABAAAAHJvYNxDqkINNf1WMJBY-vvRMxxdHpmzStwd9EOpUqPz25hWsylB_d7aJ6YM98-1h,荒野阿博,谁能拒绝深夜失眠时，刷上一集解压的暴雨天露营！#荒野建造 #野外生存 #暴雨露营 #解压助眠 #户外,1774269000,327254,4,69693,1313,21199,9095,0,"[""https://p3-pc-sign.douyinpic.com/image-cut-tos/892ef2d290e606d19ee65c04cde56dc5~tplv-dy-resize-origshort-autoq-75:330.jpeg?lk3s=138a59ce&x-expires=2093439600&x-signature=UPzDrcEtGINaOMOjtLfZ3lvicIo%3D&from=327834062&s=PackSourceEnum_WEBPC_RELATED_AWEME&se=false&sc=cover&biz_tag=pcweb_cover&l=20260506231514177DCEF3944F96FB328F"", ""https://p9-pc-sign.douyinpic.com/image-cut-tos/892ef2d290e606d19ee65c04cde56dc5~tplv-dy-resize-origshort-autoq-75:330.jpeg?lk3s=138a59ce&x-expires=2093439600&x-signature=aASkvMGrJ3F7l0iB7ur7oL%2FIs6M%3D&from=327834062&s=PackSourceEnum_WEBPC_RELATED_AWEME&se=false&sc=cover&biz_tag=pcweb_cover&l=20260506231514177DCEF3944F96FB328F""]",7620395576487987978,@荒野阿博创作的原声,"[{""caption_end"": 28, ""caption_start"": 23, ""end"": 28, ""hashtag_id"": ""1660392949605383"", ""hashtag_name"": ""荒野建造"", ""is_commerce"": false, ""start"": 23, ""type"": 1}, {""caption_end"": 34, ""caption_start"": 29, ""end"": 34, ""hashtag_id"": ""1572729383014429"", ""hashtag_name"": ""野外生存"", ""is_commerce"": false, ""start"": 29, ""type"": 1}, {""caption_end"": 40, ""caption_start"": 35, ""end"": 40, ""hashtag_id"": ""1676081561694221"", ""hashtag_name"": ""暴雨露营"", ""is_commerce"": false, ""start"": 35, ""type"": 1}, {""caption_end"": 46, ""caption_start"": 41, ""end"": 46, ""hashtag_id"": ""1655799747787783"", ""hashtag_name"": ""解压助眠"", ""is_commerce"": false, ""start"": 41, ""type"": 1}, {""caption_end"": 50, ""caption_start"": 47, ""end"": 50, ""hashtag_id"": ""1571073586904066"", ""hashtag_name"": ""户外"", ""is_commerce"": false, ""start"": 47, ""type"": 1}]","[{""level"": 1, ""tag_id"": 2028, ""tag_name"": ""旅游""}, {""level"": 2, ""tag_id"": 2028001, ""tag_name"": ""旅行vlog""}, {""level"": 3, ""tag_id"": 2028001002, ""tag_name"": ""旅行随拍""}]",
7625266759122124394,7611562799155662123,6,2026-05-06T23:15:04.636051,4255530789118474,MS4wLjABAAAA5B-AWMpNv6lunW1sOx3rZXak_LKZAjeV6lg3cnYAkpiSJ1xjwwXNUOT_zT9CR_8w,小可户外,一口气看完荒野露营完整版#助眠 #户外 #雨天露营,1772205126,261805,4,8034,68,2295,1567,0,"[""https://p3-pc-sign.douyinpic.com/image-cut-tos/e5273d9e66fbd58f1b9851bca159cf38~tplv-dy-resize-origshort-autoq-75:330.jpeg?lk3s=138a59ce&x-expires=2093439600&x-signature=pZXMOLuFkHPEZjWbgfAo2%2F%2BcqoQ%3D&from=327834062&s=PackSourceEnum_WEBPC_RELATED_AWEME&se=false&sc=cover&biz_tag=pcweb_cover&l=20260506231514177DCEF3944F96FB328F"", ""https://p9-pc-sign.douyinpic.com/image-cut-tos/e5273d9e66fbd58f1b9851bca159cf38~tplv-dy-resize-origshort-autoq-75:330.jpeg?lk3s=138a59ce&x-expires=2093439600&x-signature=ry18JLwU8OGlUC3NARz4sG2MKNM%3D&from=327834062&s=PackSourceEnum_WEBPC_RELATED_AWEME&se=false&sc=cover&biz_tag=pcweb_cover&l=20260506231514177DCEF3944F96FB328F""]",7611563057654926086,@小可户外创作的原声,"[{""caption_end"": 15, ""caption_start"": 12, ""end"": 15, ""hashtag_id"": ""1571776774676482"", ""hashtag_name"": ""助眠"", ""is_commerce"": false, ""start"": 12, ""type"": 1}, {""caption_end"": 19, ""caption_start"": 16, ""end"": 19, ""hashtag_id"": ""1571073586904066"", ""hashtag_name"": ""户外"", ""is_commerce"": false, ""start"": 16, ""type"": 1}, {""caption_end"": 25, ""caption_start"": 20, ""end"": 25, ""hashtag_id"": ""1668674715023360"", ""hashtag_name"": ""雨天露营"", ""is_commerce"": false, ""start"": 20, ""type"": 1}]","[{""level"": 1, ""tag_id"": 2029, ""tag_name"": ""随拍""}, {""level"": 2, ""tag_id"": 2029003, ""tag_name"": ""生活记录""}, {""level"": 3, ""tag_id"": 2029003001, ""tag_name"": ""日常vlog""}]",
7625266759122124394,7619144794438257971,7,2026-05-06T23:15:04.636051,1735490611985475,MS4wLjABAAAAH60AQENSob4yjW7NZARIfS1zZm6eXcERmNTWrp5kQifkK3lXxIQRbEIzd6hVePD1,在无限露营中倒头就睡,【无限露营】小姐姐野外雪中露营 #露营#沉浸式体验,1774009800,1052459,4,8129,149,2468,1525,0,"[""https://p3-pc-sign.douyinpic.com/image-cut-tos/0dd914f22516644d0f631feb01f499ff~tplv-dy-resize-origshort-autoq-75:330.jpeg?lk3s=138a59ce&x-expires=2093439600&x-signature=tZzmcNuCi5hAL2zLOCWXXWl6YuU%3D&from=327834062&s=PackSourceEnum_WEBPC_RELATED_AWEME&se=false&sc=cover&biz_tag=pcweb_cover&l=20260506231514177DCEF3944F96FB328F"", ""https://p9-pc-sign.douyinpic.com/image-cut-tos/0dd914f22516644d0f631feb01f499ff~tplv-dy-resize-origshort-autoq-75:330.jpeg?lk3s=138a59ce&x-expires=2093439600&x-signature=kTt17dw0pFzvlHLS6PhWn2O9eAY%3D&from=327834062&s=PackSourceEnum_WEBPC_RELATED_AWEME&se=false&sc=cover&biz_tag=pcweb_cover&l=20260506231514177DCEF3944F96FB328F""]",7619145144964565803,@在无限露营中倒头就睡创作的原声,"[{""caption_end"": 3, ""caption_start"": 0, ""end"": 19, ""hashtag_id"": ""1580532647418893"", ""hashtag_name"": ""露营"", ""is_commerce"": false, ""start"": 16, ""type"": 1}, {""caption_end"": 9, ""caption_start"": 3, ""end"": 25, ""hashtag_id"": ""1764938535196680"", ""hashtag_name"": ""沉浸式体验"", ""is_commerce"": false, ""start"": 19, ""type"": 1}]","[{""level"": 1, ""tag_id"": 2029, ""tag_name"": ""随拍""}, {""level"": 2, ""tag_id"": 2029003, ""tag_name"": ""生活记录""}, {""level"": 3, ""tag_id"": 2029003001, ""tag_name"": ""日常vlog""}]",
7625266759122124394,7605192849101032723,8,2026-05-06T23:15:04.636051,1735490611985475,MS4wLjABAAAAH60AQENSob4yjW7NZARIfS1zZm6eXcERmNTWrp5kQifkK3lXxIQRbEIzd6hVePD1,在无限露营中倒头就睡,【无限露营】小姐姐野外暴雪露营 #露营#沉浸式体验,1770722057,904673,4,4043,99,735,1140,0,"[""https://p9-pc-sign.douyinpic.com/image-cut-tos/52c8d6bde227a1d3c17fb5b17df8840f~tplv-dy-resize-origshort-autoq-75:330.jpeg?lk3s=138a59ce&x-expires=2093439600&x-signature=IzTVK1QNvHs%2BOzI274xQ2FG0cF4%3D&from=327834062&s=PackSourceEnum_WEBPC_RELATED_AWEME&se=false&sc=cover&biz_tag=pcweb_cover&l=20260506231514177DCEF3944F96FB328F"", ""https://p3-pc-sign.douyinpic.com/image-cut-tos/52c8d6bde227a1d3c17fb5b17df8840f~tplv-dy-resize-origshort-autoq-75:330.jpeg?lk3s=138a59ce&x-expires=2093439600&x-signature=jebzQsehMV5hFhgzoxh%2FYUYok0w%3D&from=327834062&s=PackSourceEnum_WEBPC_RELATED_AWEME&se=false&sc=cover&biz_tag=pcweb_cover&l=20260506231514177DCEF3944F96FB328F""]",7605193605414308646,@在无限露营中倒头就睡创作的原声,"[{""caption_end"": 3, ""caption_start"": 0, ""end"": 19, ""hashtag_id"": ""1580532647418893"", ""hashtag_name"": ""露营"", ""is_commerce"": false, ""start"": 16, ""type"": 1}, {""caption_end"": 9, ""caption_start"": 3, ""end"": 25, ""hashtag_id"": ""1764938535196680"", ""hashtag_name"": ""沉浸式体验"", ""is_commerce"": false, ""start"": 19, ""type"": 1}]","[{""level"": 1, ""tag_id"": 2029, ""tag_name"": ""随拍""}, {""level"": 2, ""tag_id"": 2029003, ""tag_name"": ""生活记录""}, {""level"": 3, ""tag_id"": 2029003001, ""tag_name"": ""日常vlog""}]",
7625266759122124394,7626703405292981514,9,2026-05-06T23:15:04.636051,1942193311581978,MS4wLjABAAAAHJvYNxDqkINNf1WMJBY-vvRMxxdHpmzStwd9EOpUqPz25hWsylB_d7aJ6YM98-1h,荒野阿博,当你晚上躺在床上睡不着觉时，不妨刷上一集解压的暴雨天露营！#荒野建造#野外生存#暴雨露营#解压助眠#雨中露营,1775737800,420011,4,17885,361,5671,2812,0,"[""https://p9-pc-sign.douyinpic.com/image-cut-tos/4ae4b10aed4030315f381a6957da7b65~tplv-dy-resize-origshort-autoq-75:330.jpeg?lk3s=138a59ce&x-expires=2093439600&x-signature=6M6aGteTxgkIKh1U%2BkkzDCNX%2Bz8%3D&from=327834062&s=PackSourceEnum_WEBPC_RELATED_AWEME&se=false&sc=cover&biz_tag=pcweb_cover&l=20260506231514177DCEF3944F96FB328F"", ""https://p3-pc-sign.douyinpic.com/image-cut-tos/4ae4b10aed4030315f381a6957da7b65~tplv-dy-resize-origshort-autoq-75:330.jpeg?lk3s=138a59ce&x-expires=2093439600&x-signature=mHR5G4YCiwDgMlSV4EO0jhkhyo0%3D&from=327834062&s=PackSourceEnum_WEBPC_RELATED_AWEME&se=false&sc=cover&biz_tag=pcweb_cover&l=20260506231514177DCEF3944F96FB328F""]",7626703542635694911,@荒野阿博创作的原声,"[{""caption_end"": 34, ""caption_start"": 29, ""end"": 34, ""hashtag_id"": ""1660392949605383"", ""hashtag_name"": ""荒野建造"", ""is_commerce"": false, ""start"": 29, ""type"": 1}, {""caption_end"": 39, ""caption_start"": 34, ""end"": 39, ""hashtag_id"": ""1572729383014429"", ""hashtag_name"": ""野外生存"", ""is_commerce"": false, ""start"": 34, ""type"": 1}, {""caption_end"": 44, ""caption_start"": 39, ""end"": 44, ""hashtag_id"": ""1676081561694221"", ""hashtag_name"": ""暴雨露营"", ""is_commerce"": false, ""start"": 39, ""type"": 1}, {""caption_end"": 49, ""caption_start"": 44, ""end"": 49, ""hashtag_id"": ""1655799747787783"", ""hashtag_name"": ""解压助眠"", ""is_commerce"": false, ""start"": 44, ""type"": 1}, {""caption_end"": 54, ""caption_start"": 49, ""end"": 54, ""hashtag_id"": ""1643428611502087"", ""hashtag_name"": ""雨中露营"", ""is_commerce"": false, ""start"": 49, ""type"": 1}]","[{""level"": 1, ""tag_id"": 2029, ""tag_name"": ""随拍""}, {""level"": 2, ""tag_id"": 2029003, ""tag_name"": ""生活记录""}, {""level"": 3, ""tag_id"": 2029003001, ""tag_name"": ""日常vlog""}]",
7626039783856311604,7624989082107546932,0,2026-05-06T23:16:49.254189,2747040930215811,MS4wLjABAAAAM-O9lB4n0hd8spQf6MSu7HsTw4c26EQhoIRLLBXlYPg2_u_i-n3wntTkBskFdpl-,Ekko,【04加速赛】兰博基尼 Revuelto vs 特斯拉 Model S Plaid#音乐种草计划,1775347200,27115,4,4352,212,371,3186,0,"[""https://p3-pc-sign.douyinpic.com/image-cut-tos-priv/f5e59a5d53c176103b7043b528b4d2ef~tplv-dy-resize-origshort-autoq-75:330.jpeg?lk3s=138a59ce&x-expires=2093439600&x-signature=S%2BoU55oo5mVT7BuNSbs04CbikfU%3D&from=327834062&s=PackSourceEnum_WEBPC_RELATED_AWEME&se=false&sc=cover&biz_tag=pcweb_cover&l=20260506231706E38EEFCFBC5C18A6F52C"", ""https://p9-pc-sign.douyinpic.com/image-cut-tos-priv/f5e59a5d53c176103b7043b528b4d2ef~tplv-dy-resize-origshort-autoq-75:330.jpeg?lk3s=138a59ce&x-expires=2093439600&x-signature=foXptedXTPoKU4%2FyrltlQPLSkWs%3D&from=327834062&s=PackSourceEnum_WEBPC_RELATED_AWEME&se=false&sc=cover&biz_tag=pcweb_cover&l=20260506231706E38EEFCFBC5C18A6F52C""]",7624986977842006794,@Ekko创作的原声,"[{""caption_end"": 48, ""caption_start"": 41, ""end"": 48, ""hashtag_id"": ""1757254703350796"", ""hashtag_name"": ""音乐种草计划"", ""is_commerce"": false, ""start"": 41, ""type"": 1}]","[{""level"": 1, ""tag_id"": 2002, ""tag_name"": ""汽车""}, {""level"": 2, ""tag_id"": 2002005, ""tag_name"": ""玩车""}, {""level"": 3, ""tag_id"": 2002005003, ""tag_name"": ""赛车""}]",
7626039783856311604,7612900106890759460,1,2026-05-06T23:16:49.254189,212662125863194,MS4wLjABAAAAE01FwLDsZo_3DwSZWho64PtaBowA37kKMMPNUGmI2O4,马力唠,什么空力学 什么零百加速 在我面前什么都不是 #道奇恶魔170 #道奇 #地狱猫 #dou是好车 #汽车文化,1772516473,379206,4,5145,132,1004,1531,0,"[""https://p3-pc-sign.douyinpic.com/image-cut-tos/f518e27255eb89081c73bece4ef61614~tplv-dy-resize-origshort-autoq-75:330.jpeg?lk3s=138a59ce&x-expires=2093439600&x-signature=Kqyr5Imby%2FIkIzqiUW5rwkfxazk%3D&from=327834062&s=PackSourceEnum_WEBPC_RELATED_AWEME&se=false&sc=cover&biz_tag=pcweb_cover&l=20260506231706E38EEFCFBC5C18A6F52C"", ""https://p9-pc-sign.douyinpic.com/image-cut-tos/f518e27255eb89081c73bece4ef61614~tplv-dy-resize-origshort-autoq-75:330.jpeg?lk3s=138a59ce&x-expires=2093439600&x-signature=%2FmvDBo5%2BLrJbLGViy%2BzItgyQopA%3D&from=327834062&s=PackSourceEnum_WEBPC_RELATED_AWEME&se=false&sc=cover&biz_tag=pcweb_cover&l=20260506231706E38EEFCFBC5C18A6F52C""]",7612900273807166271,@马力唠创作的原声,"[{""caption_end"": 8, ""caption_start"": 0, ""end"": 31, ""hashtag_id"": ""1761067127441408"", ""hashtag_name"": ""道奇恶魔170"", ""is_commerce"": false, ""start"": 23, ""type"": 1}, {""caption_end"": 12, ""caption_start"": 9, ""end"": 35, ""hashtag_id"": ""1589464626258951"", ""hashtag_name"": ""道奇"", ""is_commerce"": false, ""start"": 32, ""type"": 1}, {""caption_end"": 17, ""caption_start"": 13, ""end"": 40, ""hashtag_id"": ""1593117783126030"", ""hashtag_name"": ""地狱猫"", ""is_commerce"": false, ""start"": 36, ""type"": 1}, {""caption_end"": 25, ""caption_start"": 18, ""end"": 48, ""hashtag_id"": ""1652221372996622"", ""hashtag_name"": ""dou是好车"", ""is_commerce"": false, ""start"": 41, ""type"": 1}, {""caption_end"": 31, ""caption_start"": 26, ""end"": 54, ""hashtag_id"": ""1614949987486724"", ""hashtag_name"": ""汽车文化"", ""is_commerce"": false, ""start"": 49, ""type"": 1}]","[{""level"": 1, ""tag_id"": 2002, ""tag_name"": ""汽车""}, {""level"": 2, ""tag_id"": 2002001, ""tag_name"": ""看车""}, {""level"": 3, ""tag_id"": 2002001002, ""tag_name"": ""汽车展示""}]",道奇恶魔170是一款拥有1025匹马力的量产燃油车，凭借其强大的性能和独特的设计成为汽车界的传奇。它搭载终极版6.2升HEMIV8发动机，使用EBS乙醇燃料，百公里加速仅需1.66秒。尽管油耗极高，但它展现了燃油车的疯狂和魅力，为百年燃油车时代画上了圆满的句号。
7626039783856311604,7618603806724558134,2,2026-05-06T23:16:49.254189,19125434085024,MS4wLjABAAAA0hbVQK7dw1cuCT1CyRXZ-5EYnHqgwnuC4sJz8nvypnc,野兽视频中文版,世界最昂贵的末日核地堡 造价10亿美元的末日核地堡，能直接硬抗核武器的直面袭击，而不伤分毫#野兽先生 #mrbeast #末日地堡 #末日掩体,1773889200,1000409,4,4014,165,248,2871,0,"[""https://p3-pc-sign.douyinpic.com/image-cut-tos/af2eaf7fc941926f1c63d5653116076e~tplv-dy-resize-origshort-autoq-75:330.jpeg?lk3s=138a59ce&x-expires=2093439600&x-signature=j6lNUKyZSYXf6ji%2Bpw931nsBu4U%3D&from=327834062&s=PackSourceEnum_WEBPC_RELATED_AWEME&se=false&sc=cover&biz_tag=pcweb_cover&l=20260506231706E38EEFCFBC5C18A6F52C"", ""https://p9-pc-sign.douyinpic.com/image-cut-tos/af2eaf7fc941926f1c63d5653116076e~tplv-dy-resize-origshort-autoq-75:330.jpeg?lk3s=138a59ce&x-expires=2093439600&x-signature=k58qtYp2X6I0xnPu5mVILTC5Xxs%3D&from=327834062&s=PackSourceEnum_WEBPC_RELATED_AWEME&se=false&sc=cover&biz_tag=pcweb_cover&l=20260506231706E38EEFCFBC5C18A6F52C""]",7618604148602243894,@野兽视频中文版创作的原声,"[{""caption_end"": 38, ""caption_start"": 33, ""end"": 50, ""hashtag_id"": ""1671979119944711"", ""hashtag_name"": ""野兽先生"", ""is_commerce"": false, ""start"": 45, ""type"": 1}, {""caption_end"": 47, ""caption_start"": 39, ""end"": 59, ""hashtag_id"": ""1653944742768654"", ""hashtag_name"": ""mrbeast"", ""is_commerce"": false, ""start"": 51, ""type"": 1}, {""caption_end"": 53, ""caption_start"": 48, ""end"": 65, ""hashtag_id"": ""1644280581518340"", ""hashtag_name"": ""末日地堡"", ""is_commerce"": false, ""start"": 60, ""type"": 1}, {""caption_end"": 59, ""caption_start"": 54, ""end"": 71, ""hashtag_id"": ""1662641902329870"", ""hashtag_name"": ""末日掩体"", ""is_commerce"": false, ""start"": 66, ""type"": 1}]","[{""level"": 1, ""tag_id"": 2019, ""tag_name"": ""影视""}, {""level"": 2, ""tag_id"": 2019001, ""tag_name"": ""影视剪辑""}, {""level"": 3, ""tag_id"": 2019001002, ""tag_name"": ""电影剪辑""}]",
7626039783856311604,7620432845345128889,3,2026-05-06T23:16:49.254189,2159895709222720,MS4wLjABAAAA4bT0IGTKSmpQeAFlLRc2AEcPbVFOiVLrQfxnN4-T-o5lAhja6EG4wY-uici1RUcE,RACING car,“4000匹克尔维特起飞”#直线加速赛 #内燃机 #汽车,1774270284,16934,4,4434,182,4059,521,0,"[""https://p3-pc-sign.douyinpic.com/image-cut-tos-priv/c835a5d582a24edf29c749374e443836~tplv-dy-resize-origshort-autoq-75:330.jpeg?lk3s=138a59ce&x-expires=2093439600&x-signature=UYRYBPyl1A54SRAFaq97Suh4PCs%3D&from=327834062&s=PackSourceEnum_WEBPC_RELATED_AWEME&se=false&sc=cover&biz_tag=pcweb_cover&l=20260506231706E38EEFCFBC5C18A6F52C"", ""https://p9-pc-sign.douyinpic.com/image-cut-tos-priv/c835a5d582a24edf29c749374e443836~tplv-dy-resize-origshort-autoq-75:330.jpeg?lk3s=138a59ce&x-expires=2093439600&x-signature=I1Zletuc2NflSxSF66erXMH8m%2Fs%3D&from=327834062&s=PackSourceEnum_WEBPC_RELATED_AWEME&se=false&sc=cover&biz_tag=pcweb_cover&l=20260506231706E38EEFCFBC5C18A6F52C""]",7620432785383197491,@RACING car创作的原声,"[{""caption_end"": 19, ""caption_start"": 13, ""end"": 19, ""hashtag_id"": ""1606226823873539"", ""hashtag_name"": ""直线加速赛"", ""is_commerce"": false, ""start"": 13, ""type"": 1}, {""caption_end"": 24, ""caption_start"": 20, ""end"": 24, ""hashtag_id"": ""1612145913302023"", ""hashtag_name"": ""内燃机"", ""is_commerce"": false, ""start"": 20, ""type"": 1}, {""caption_end"": 28, ""caption_start"": 25, ""end"": 28, ""hashtag_id"": ""1567431196459009"", ""hashtag_name"": ""汽车"", ""is_commerce"": false, ""start"": 25, ""type"": 1}]","[{""level"": 1, ""tag_id"": 2002, ""tag_name"": ""汽车""}, {""level"": 2, ""tag_id"": 2002005, ""tag_name"": ""玩车""}, {""level"": 3, ""tag_id"": 2002005003, ""tag_name"": ""赛车""}]",
7626039783856311604,7617094498300209073,4,2026-05-06T23:16:49.254189,40036756631917,MS4wLjABAAAAJfS_5JDdHUp_rtpamcs8Qx_0wfRolxqPF5P_z_J1zeo,小白纪录,三贱客开着超跑，寻找世界上最美公路#三贱客 #topgear #thegrandtour #大世界之旅 #最美公路,1773493015,428409,4,14965,45,711,1829,0,"[""https://p3-pc-sign.douyinpic.com/image-cut-tos/b749595b54de517d3310d8706483ea80~tplv-dy-resize-origshort-autoq-75:330.jpeg?lk3s=138a59ce&x-expires=2093439600&x-signature=BnttJtxiKpIhHhi3lwkLXPu1oys%3D&from=327834062&s=PackSourceEnum_WEBPC_RELATED_AWEME&se=false&sc=cover&biz_tag=pcweb_cover&l=20260506231706E38EEFCFBC5C18A6F52C"", ""https://p9-pc-sign.douyinpic.com/image-cut-tos/b749595b54de517d3310d8706483ea80~tplv-dy-resize-origshort-autoq-75:330.jpeg?lk3s=138a59ce&x-expires=2093439600&x-signature=%2FOS0u6n8ix8Yn5bAsMQTACOa%2FbI%3D&from=327834062&s=PackSourceEnum_WEBPC_RELATED_AWEME&se=false&sc=cover&biz_tag=pcweb_cover&l=20260506231706E38EEFCFBC5C18A6F52C""]",7617094480683944710,@小白纪录创作的原声,"[{""caption_end"": 21, ""caption_start"": 17, ""end"": 21, ""hashtag_id"": ""1727276399429710"", ""hashtag_name"": ""三贱客"", ""is_commerce"": false, ""start"": 17, ""type"": 1}, {""caption_end"": 30, ""caption_start"": 22, ""end"": 30, ""hashtag_id"": ""1606727486884871"", ""hashtag_name"": ""topgear"", ""is_commerce"": false, ""start"": 22, ""type"": 1}, {""caption_end"": 44, ""caption_start"": 31, ""end"": 44, ""hashtag_id"": ""1602397688530948"", ""hashtag_name"": ""thegrandtour"", ""is_commerce"": false, ""start"": 31, ""type"": 1}, {""caption_end"": 51, ""caption_start"": 45, ""end"": 51, ""hashtag_id"": ""1676363470994439"", ""hashtag_name"": ""大世界之旅"", ""is_commerce"": false, ""start"": 45, ""type"": 1}, {""caption_end"": 57, ""caption_start"": 52, ""end"": 57, ""hashtag_id"": ""1578982018160718"", ""hashtag_name"": ""最美公路"", ""is_commerce"": false, ""start"": 52, ""type"": 1}]","[{""level"": 1, ""tag_id"": 2019, ""tag_name"": ""影视""}, {""level"": 2, ""tag_id"": 2019001, ""tag_name"": ""影视剪辑""}, {""level"": 3, ""tag_id"": 2019001002, ""tag_name"": ""电影剪辑""}]",
7626039783856311604,7625343782405360896,5,2026-05-06T23:16:49.254189,2747040930215811,MS4wLjABAAAAM-O9lB4n0hd8spQf6MSu7HsTw4c26EQhoIRLLBXlYPg2_u_i-n3wntTkBskFdpl-,Ekko,【04加速赛】宝马 M5 Touring vs 兰博基尼 Aventador SV#音乐种草计划,1775433601,27115,4,3972,184,401,2728,0,"[""https://p9-pc-sign.douyinpic.com/image-cut-tos-priv/d082ae6f58929f67149e9787f24c2a62~tplv-dy-resize-origshort-autoq-75:330.jpeg?lk3s=138a59ce&x-expires=2093439600&x-signature=xmQI4FslrRExj3NHlKM889yEG6k%3D&from=327834062&s=PackSourceEnum_WEBPC_RELATED_AWEME&se=false&sc=cover&biz_tag=pcweb_cover&l=20260506231706E38EEFCFBC5C18A6F52C"", ""https://p3-pc-sign.douyinpic.com/image-cut-tos-priv/d082ae6f58929f67149e9787f24c2a62~tplv-dy-resize-origshort-autoq-75:330.jpeg?lk3s=138a59ce&x-expires=2093439600&x-signature=Ev43GquLOLQ3rskGfzjKbGibVTo%3D&from=327834062&s=PackSourceEnum_WEBPC_RELATED_AWEME&se=false&sc=cover&biz_tag=pcweb_cover&l=20260506231706E38EEFCFBC5C18A6F52C""]",7625343298399505202,@Ekko创作的原声,"[{""caption_end"": 48, ""caption_start"": 41, ""end"": 48, ""hashtag_id"": ""1757254703350796"", ""hashtag_name"": ""音乐种草计划"", ""is_commerce"": false, ""start"": 41, ""type"": 1}]","[{""level"": 1, ""tag_id"": 2002, ""tag_name"": ""汽车""}, {""level"": 2, ""tag_id"": 2002005, ""tag_name"": ""玩车""}, {""level"": 3, ""tag_id"": 2002005003, ""tag_name"": ""赛车""}]",
7626039783856311604,7606756154131189002,6,2026-05-06T23:16:49.254189,162383628337659,MS4wLjABAAAA9fELPwwJfsVCtwv-D8NJNgADed2aQkClm9-4QNrJKcA,大飞评车,JDM四大天王，撑起JDM的黄金时期 #GTR #supra #RX7 #NSX #JDM 从赛场到速度与激情的荧幕，从改装文化到超跑技术革命，这四台车早已超越性能本身，成为90年代黄金时代的象征,1771203600,1482283,4,5179,100,504,1516,0,"[""https://p3-pc-sign.douyinpic.com/image-cut-tos/0f1baed42195714e201d1463be5d6af8~tplv-dy-resize-origshort-autoq-75:330.jpeg?lk3s=138a59ce&x-expires=2093439600&x-signature=wwYjc6jBGxcyDrkVCKjci0yx72Y%3D&from=327834062&s=PackSourceEnum_WEBPC_RELATED_AWEME&se=false&sc=cover&biz_tag=pcweb_cover&l=20260506231706E38EEFCFBC5C18A6F52C"", ""https://p9-pc-sign.douyinpic.com/image-cut-tos/0f1baed42195714e201d1463be5d6af8~tplv-dy-resize-origshort-autoq-75:330.jpeg?lk3s=138a59ce&x-expires=2093439600&x-signature=bgppkQQXnpabWK76HM7v5LbutKA%3D&from=327834062&s=PackSourceEnum_WEBPC_RELATED_AWEME&se=false&sc=cover&biz_tag=pcweb_cover&l=20260506231706E38EEFCFBC5C18A6F52C""]",7606757017960663850,@大飞评车创作的原声,"[{""caption_end"": 4, ""caption_start"": 0, ""end"": 23, ""hashtag_id"": ""1586338531836942"", ""hashtag_name"": ""GTR"", ""is_commerce"": false, ""start"": 19, ""type"": 1}, {""caption_end"": 11, ""caption_start"": 5, ""end"": 30, ""hashtag_id"": ""1613801235584004"", ""hashtag_name"": ""supra"", ""is_commerce"": false, ""start"": 24, ""type"": 1}, {""caption_end"": 16, ""caption_start"": 12, ""end"": 35, ""hashtag_id"": ""1628720332601358"", ""hashtag_name"": ""RX7"", ""is_commerce"": false, ""start"": 31, ""type"": 1}, {""caption_end"": 21, ""caption_start"": 17, ""end"": 40, ""hashtag_id"": ""1615087847243780"", ""hashtag_name"": ""NSX"", ""is_commerce"": false, ""start"": 36, ""type"": 1}, {""caption_end"": 26, ""caption_start"": 22, ""end"": 45, ""hashtag_id"": ""1602389447871495"", ""hashtag_name"": ""JDM"", ""is_commerce"": false, ""start"": 41, ""type"": 1}]","[{""level"": 1, ""tag_id"": 2002, ""tag_name"": ""汽车""}, {""level"": 2, ""tag_id"": 2002001, ""tag_name"": ""看车""}, {""level"": 3, ""tag_id"": 2002001002, ""tag_name"": ""汽车展示""}]",JDM四大天王包括GTR、丰田Celica Supra、马自达RX-7和本田NSX。这些车型在90年代黄金时期成为日本汽车工业的巅峰之作，代表了速度、激情和性能。它们在赛场上取得了辉煌成就，同时也成为了改装文化的象征。如今，这些车型仍然是车迷心中的传奇。
7626039783856311604,7619367826326900014,7,2026-05-06T23:16:49.254189,3151644576458712,MS4wLjABAAAAhRrAznRjSkISnt8iGt4o30kj8fBqMM2be0Vn5w_1ufaHU-wwIWVXENymt3bHCqu5,野兽中文配音Mr,1美元vs50万美元的机票 #mrbeast #野兽先生 #野兽游戏,1774056600,729503,4,21191,679,1150,10129,0,"[""https://p3-pc-sign.douyinpic.com/image-cut-tos/41f68ecbec41d674e5f27f42031970cd~tplv-dy-resize-origshort-autoq-75:330.jpeg?lk3s=138a59ce&x-expires=2093439600&x-signature=n%2BksGNq5n1nfqMMRSpYpWGs1plw%3D&from=327834062&s=PackSourceEnum_WEBPC_RELATED_AWEME&se=false&sc=cover&biz_tag=pcweb_cover&l=20260506231706E38EEFCFBC5C18A6F52C"", ""https://p9-pc-sign.douyinpic.com/image-cut-tos/41f68ecbec41d674e5f27f42031970cd~tplv-dy-resize-origshort-autoq-75:330.jpeg?lk3s=138a59ce&x-expires=2093439600&x-signature=q5Tij8er155Wsx%2FLAi9J%2FpvEUGA%3D&from=327834062&s=PackSourceEnum_WEBPC_RELATED_AWEME&se=false&sc=cover&biz_tag=pcweb_cover&l=20260506231706E38EEFCFBC5C18A6F52C""]",7619368637664709427,@野兽中文配音Mr创作的原声,"[{""caption_end"": 8, ""caption_start"": 0, ""end"": 22, ""hashtag_id"": ""1653944742768654"", ""hashtag_name"": ""mrbeast"", ""is_commerce"": false, ""start"": 14, ""type"": 1}, {""caption_end"": 14, ""caption_start"": 9, ""end"": 28, ""hashtag_id"": ""1671979119944711"", ""hashtag_name"": ""野兽先生"", ""is_commerce"": false, ""start"": 23, ""type"": 1}, {""caption_end"": 20, ""caption_start"": 15, ""end"": 34, ""hashtag_id"": ""1657111182130184"", ""hashtag_name"": ""野兽游戏"", ""is_commerce"": false, ""start"": 29, ""type"": 1}]","[{""level"": 1, ""tag_id"": 2015, ""tag_name"": ""游戏""}, {""level"": 2, ""tag_id"": 2015003, ""tag_name"": ""角色扮演""}, {""level"": 0, ""tag_id"": 0, ""tag_name"": """"}]",从100美元的廉价飞机到50万美元的私人飞机，体验了不同价位飞机的差异。100美元的飞机令人紧张，1000美元的头等舱舒适但隐私有限，10000美元的飞机提供更多设施，25000美元的飞机空间更大，100000美元的私人飞机奢华无比，300000美元的飞艇将在赛车赛事上亮相，500000美元的私人飞机则拥有豪华设施和免费迪士尼乐园之旅。
7626039783856311604,7627439504454394276,8,2026-05-06T23:16:49.254189,4160206754291360,MS4wLjABAAAA7IMtIaTTargAcbQXbgZdGWp0XaCEqG7O_s1GdXzl9zPiZeLcMAlXWmkYQNNMRZ2X,明𝓢𝓽𝓪𝓻💫爱超车,老哥漂移确实有技术#漂移 #极品飞车 #赛车游戏,1775901650,22367,4,23608,1439,3695,21631,0,"[""https://p3-pc-sign.douyinpic.com/image-cut-tos-priv/a656334e31b28c88f9e5881d385086b2~tplv-dy-resize-origshort-autoq-75:330.jpeg?lk3s=138a59ce&x-expires=2093439600&x-signature=q0RfOCVEVPZvqg5HYl9Ut%2FfsW0s%3D&from=327834062&s=PackSourceEnum_WEBPC_RELATED_AWEME&se=false&sc=cover&biz_tag=pcweb_cover&l=20260506231706E38EEFCFBC5C18A6F52C"", ""https://p9-pc-sign.douyinpic.com/image-cut-tos-priv/a656334e31b28c88f9e5881d385086b2~tplv-dy-resize-origshort-autoq-75:330.jpeg?lk3s=138a59ce&x-expires=2093439600&x-signature=fSJJhW00mC%2FH7pMACaEEdP9OnOo%3D&from=327834062&s=PackSourceEnum_WEBPC_RELATED_AWEME&se=false&sc=cover&biz_tag=pcweb_cover&l=20260506231706E38EEFCFBC5C18A6F52C""]",7624491752015137546,@10MOV创作的原声,"[{""caption_end"": 12, ""caption_start"": 9, ""end"": 12, ""hashtag_id"": ""1720481189792788"", ""hashtag_name"": ""漂移"", ""is_commerce"": false, ""start"": 9, ""type"": 1}, {""caption_end"": 18, ""caption_start"": 13, ""end"": 18, ""hashtag_id"": ""1571796385489922"", ""hashtag_name"": ""极品飞车"", ""is_commerce"": false, ""start"": 13, ""type"": 1}, {""caption_end"": 24, ""caption_start"": 19, ""end"": 24, ""hashtag_id"": ""1572453560540174"", ""hashtag_name"": ""赛车游戏"", ""is_commerce"": false, ""start"": 19, ""type"": 1}]","[{""level"": 1, ""tag_id"": 2002, ""tag_name"": ""汽车""}, {""level"": 2, ""tag_id"": 2002005, ""tag_name"": ""玩车""}, {""level"": 3, ""tag_id"": 2002005004, ""tag_name"": ""特技表演""}]",
7626039783856311604,7606178003898404148,9,2026-05-06T23:16:49.254189,3050494228442073,MS4wLjABAAAAncxOz9KAlAtEjIkHj0488uDxyEVkYVI_y2YPRe0v11Tmhj1AIboeK29A6flPPUIf,WOTB—屑车长,虎式超跑#AIf1超车冲线 #随变app,1770951379,15125,4,12417,934,3536,7544,0,"[""https://p3-pc-sign.douyinpic.com/image-cut-tos-priv/e64f282728fd577835d7a0cdc75748ed~tplv-dy-resize-origshort-autoq-75:330.jpeg?lk3s=138a59ce&x-expires=2093439600&x-signature=YwWFaG0Ub%2BYiMAk4Bqw2QrhIV64%3D&from=327834062&s=PackSourceEnum_WEBPC_RELATED_AWEME&se=false&sc=cover&biz_tag=pcweb_cover&l=20260506231706E38EEFCFBC5C18A6F52C"", ""https://p9-pc-sign.douyinpic.com/image-cut-tos-priv/e64f282728fd577835d7a0cdc75748ed~tplv-dy-resize-origshort-autoq-75:330.jpeg?lk3s=138a59ce&x-expires=2093439600&x-signature=SZ6%2BNYkpxMeScGu%2Ftt6t970NhWA%3D&from=327834062&s=PackSourceEnum_WEBPC_RELATED_AWEME&se=false&sc=cover&biz_tag=pcweb_cover&l=20260506231706E38EEFCFBC5C18A6F52C""]",7593389912055007233,NO BATIDAO,"[{""caption_end"": 13, ""caption_start"": 4, ""end"": 13, ""hashtag_id"": ""7605702030836893702"", ""hashtag_name"": ""aif1超车冲线"", ""is_commerce"": false, ""start"": 4, ""type"": 1}, {""caption_end"": 20, ""caption_start"": 14, ""end"": 20, ""hashtag_id"": ""7593259868921563190"", ""hashtag_name"": ""随变app"", ""is_commerce"": false, ""start"": 14, ""type"": 1}]","[{""level"": 0, ""tag_id"": 0, ""tag_name"": """"}, {""level"": 0, ""tag_id"": 0, ""tag_name"": """"}, {""level"": 0, ""tag_id"": 0, ""tag_name"": """"}]",
